source,date,like,share,comment,link,content
蔡英文 Tsai Ing-wen,2021-08-14,39000,585,4470,https://m.facebook.com/story.php?story_fbid=10157641084776065&id=46251501064,"今天是星期五，想跟大家分享我這週的外交工作心得：  　　 這幾天，我接連見了 美國在台協會 AIT 的孫曉雅（Sandra Oudkirk）處長以及 澳洲駐台辦事處 Australian Office in Taipei 的露珍怡（Jenny Bloomfield）代表。兩位都是傑出的外交官，也是台灣的好朋友，跟她們會面，不但是愉快的互動，也對各種議題有了深入的交流。 　　 透過對談，我可以感受到，不論是美國還是澳洲，都越來越重視跟台灣的合作，也都在思考，如何在既有的良好穩定基礎上，讓台美、台澳雙邊關係更緊密、更深化。  　　 此外，我們也談論到台灣的戰略位置。美國和澳洲，都從印度－太平洋區域的尺度思考台灣議題。在經貿、科技、安全等區域事務上，台灣都可以發揮的關鍵作用。  　　 就像「戰貓」蕭美琴 Bi-khim Hsiao 大使在美國的活躍一樣，我相當期待，孫曉雅處長和露珍怡代表，也會同樣活躍在台灣的舞台上，和我們一起深化台灣的民主，一起增進台灣的區域貢獻，一起讓世界更加認識台灣。  　　 看到駐台的外國使節，總會讓我想起台灣駐外的外交官。國際疫情依然嚴峻，盼望 外交部 Ministry of Foreign Affairs, ROC（Taiwan） 第一線同仁在努力拓展國際空間的同時，也一定要多保重、要照顧好自己。翻譯年糕"
蔡英文 Tsai Ing-wen,2021-08-12,28000,710,4782,https://m.facebook.com/story.php?story_fbid=10157639595466065&id=46251501064,"因為疫情，我知道很多人的工作都受到不小的影響。剛離開校園、正在找工作的畢業生，也面臨比以往更嚴峻的挑戰。 　　 即使面臨挑戰，大家還是非常努力落實防疫措施，也在疫情下改變了很多生活的習慣。這是台灣可以在三個月內，從單日最多新增723例確診降回個位數，最主要的原因。真的辛苦大家、也謝謝大家了。 　　 政府該做的，是盡可能給大家更多的支持，幫大家減輕負擔，共同度過這段困難的時期。因此，在紓困4.0推出後，我們不斷蒐集大家的意見，也不斷努力在紓困方案中納入更多需要幫助的朋友。 　　 就在今天，勞動部提出了 #應屆畢業青年就業促進方案，包含青年尋職津貼、青年就業獎勵、學習獎勵金等計畫，希望協助應屆畢業生及年輕朋友，找工作可以有獎勵，想加強職業訓練的話，也能有獎助。 　　 另外，關於從事部分工時或全時的中高齡就業朋友反應的需求，我們也進一步 #擴大勞工紓困申請，讓更多人可以申請10,000元津貼。8/13，也就是明天早上開始，就可以請領。 　　 再次謝謝大家配合防疫，紓困政策，政府會繼續努力！ 　　 ✅應屆畢業青年就業促進方案：https://reurl.cc/83mydg ✅全時受僱勞工生活補貼2.0：https://reurl.cc/nogo1n ✅部分工時受僱勞工生活補貼3.0：https://reurl.cc/AkZgVQ 　　 #團結防疫守台灣翻譯年糕"
蔡英文 Tsai Ing-wen,2021-08-12,52000,644,4791,https://m.facebook.com/story.php?story_fbid=10157639562856065&id=46251501064,"今天下午，政府採購的52.4萬劑 #AZ疫苗 已經抵達。這是我們跟AZ公司的採購合約中，第五批到貨的疫苗。目前，台灣累計取得的疫苗，也突破了1,000萬劑。 　　 在全球疫苗短缺下，我們能在短短幾個月內取得超過1,000萬劑疫苗，也把每日確診案例降回個位數，這些得來不易的成績，真的要謝謝所有的防疫人員、外交人員、每一位台灣人民的配合，以及國際夥伴的支持。 　　 我知道大家都希望快點打到疫苗，我們會每天緊盯進度，繼續催促已訂購的疫苗儘速到貨！ 　　 #團結防疫守台灣翻譯年糕"
蔡英文 Tsai Ing-wen,2021-08-11,48000,1432,7505,https://m.facebook.com/story.php?story_fbid=10157637984036065&id=46251501064,國產疫苗8/16開始預約接種，我也會去！ 　　 國際疫情嚴峻，我們不能輕忽防疫措施，更必須持續增加台灣社會集體的防護力。今天指揮中心宣布，國產 #高端疫苗 即將開始施打，我要提醒有意接種高端疫苗的朋友，一起留意以下的時程： 　　 ✅意願登記：8/13（五）12:00結算 　　 ✅預約接種：8/16（一）10:00至8/18（三）12:00 　　 ✅施打時程：8/23（一）至8/29（日） 　　 截至目前為止，已經有超過106萬人在意願登記中勾選高端疫苗。接下來開放預約的對象，也將會根據意願登記的結算情形來決定，請大家持續注意了。 　　 ➡️疫苗施打意願登記與預約系統：https://1922.gov.tw/ 　　 #團結防疫守台灣翻譯年糕
蔡英文 Tsai Ing-wen,2021-08-10,54000,529,3337,https://m.facebook.com/story.php?story_fbid=10157636461271065&id=46251501064,歡迎 美國在台協會 AIT  新上任的孫曉雅處長！ 　　 今天，我在總統府和孫曉雅（Sandra Oudkirk）處長見面，當面恭喜她就任。孫曉雅處長是相當資深的外交官，在1990年代就曾經派駐台灣，對台灣有長期的關注，也有深厚的感情，是我們的老朋友。 　　 2019年台美舉辦第一屆「太平洋對話」時，孫曉雅處長就以美國國務院副助卿的身分，率團來到台灣，也在「玉山論壇」發表專題演講。那時，我和孫曉雅處長對於如何維護區域的和平穩定，深入交換了意見。 　　 這幾年來，台美關係有許多關鍵的進展。像是最近台美雙方召開「貿易暨投資架構協定」（TIFA）會談，以及美國捐贈250萬劑疫苗，這些緊密的互動，都是 #真朋友真進展 的最佳體現。我也期待，接下來能和孫曉雅處長共同努力，繼續深化台美夥伴關係，繼續拓展台美在各領域的合作機會！翻譯年糕
蔡英文 Tsai Ing-wen,2021-08-09,31000,845,3669,https://m.facebook.com/story.php?story_fbid=10157636252841065&id=46251501064,我接受日本 #文藝春秋 月刊的專訪，今天已經出刊。 　　 在專訪中，我對於日本朋友相當關心的防疫工作、台美日關係、兩岸關係、香港情勢、台灣半導體產業發展、台灣的國際參與及區域安全、區域經濟等議題，一一闡述了我的想法。也謝謝資深評論家 #船橋洋一 先生的訪問。 　　 台灣和日本都是民主國家，今後，期盼在共享相同的價值觀之下，持續加強合作，並延續彼此關懷、互相扶持的 #善的循環。 　　 歡迎大家一起幫我分享文藝春秋的專訪，一起來把 #台日友好 的情誼傳遞下去！ 　　 👉專訪原文：https://bunshun.jp/articles/-/47678 👉中文翻譯：https://www.president.gov.tw/NEWS/26153翻譯年糕
蔡英文 Tsai Ing-wen,2021-08-09,53000,3095,3188,https://m.facebook.com/story.php?story_fbid=10157635101551065&id=46251501064,東京奧運順利閉幕，帶著滿滿的感動，今天，代表團的全體人員都回到台灣了。 　　 我要謝謝68位 #選手、所有的 #教練、所有的 #後勤支援團隊，以及所有代表台灣在奧運賽場執法的 #裁判 們。因為你們的發光發熱，不只是在台灣的大家深深受到鼓舞，全世界也因此注意到台灣散發出的光芒。 　　 就讓我們把這些光芒，牢牢珍藏在記憶裡。不論是運動員苦練圓夢的淚光、奮戰到底的榮光、青春無敵的星光、合作無間的閃光、還是每一面獎牌榮耀的亮光，台灣體育的光輝，我們一起來閃耀下去！ 　　 再次謝謝每一位為奧運付出努力的人，成就了為台灣喝采的每一道光！ 　　 畫面提供：體育署、國家運動訓練中心、駐日代表處、中央社、軍聞社、TSNA 　　 #台灣加油 #東京奧運 #TokyoOlympics翻譯年糕
蔡英文 Tsai Ing-wen,2021-08-09,40000,632,3024,https://m.facebook.com/story.php?story_fbid=10157635016521065&id=46251501064,豪雨帶來的農損已經超過2億元，今天我來到雲林、嘉義，了解災損和救助的情況。 　　 在兩位縣長、在地立委陪同下，我聽取了落花生、葉菜類等農作物遭受損失的報告，也關心農民的狀況。我請 陳吉仲 主委務必要簡化災損認定的方式，加快第一線同仁勘損的速度，希望能在最短的時間內，讓農民領到救助金，順利恢復生產。 　　 今天，行政院農業委員會 迅速公布了最新的「農業天然災害現金救助方案」，彰化以南各縣市「全區域、全品項」都在適用對象內。我要謝謝所有農友的體諒和配合，政府會跟大家站在一起，有困難就盡力幫忙！ 　　 ➡詳細了解最新農損救助方案： ✅彰化縣、雲林縣、嘉義縣、嘉義市、台南市、高雄市及屏東縣：https://reurl.cc/dG362g ✅苗栗縣、台中市及南投縣：https://reurl.cc/NrMVRx翻譯年糕
蔡英文 Tsai Ing-wen,2021-08-08,48000,541,6587,https://m.facebook.com/story.php?story_fbid=10157633493966065&id=46251501064,"疫苗又來了！政府採購的99,600劑 #Moderna疫苗，已經在今天下午抵達。 　　 這陣子受到Delta變種病毒影響，世界上許多國家的確診數再創高峰。不過，台灣的確診人數則持續下降，這是全民共同努力的成果。 　　 在全球疫苗供貨短缺的挑戰下，我們依然多管齊下，努力維持疫苗供應。包含今天的疫苗在內，目前台灣已經累計取得超過960萬劑疫苗。 　　 接下來，政府和民間採購的疫苗數量還會陸續抵達，我們會全力催促、緊盯疫苗供貨，並搭配國產疫苗，讓國人的接種可以持續下去。 　　 我也要請大家一起繼續努力，落實防疫，並用更高的整體防護力來對抗疫情，守護台灣！ 　　 👉疫苗施打意願登記與預約系統：https://1922.gov.tw/ 　　 #團結防疫守台灣翻譯年糕"
蔡英文 Tsai Ing-wen,2021-08-07,31000,514,2906,https://m.facebook.com/story.php?story_fbid=10157633151731065&id=46251501064,謝謝所有堅守防救災崗位的同仁，因應氣候挑戰，我們絕不能鬆懈！ 　　 今天一早，我前往 #水災中央災害應變中心，掌握豪大雨應變的最新情形。我指示各部會，務必嚴防土石流、加速抽排水，並全力搶修交通運輸，各項交通延誤或停駛的資訊，也要第一時間提供給大眾。 　　 另外，因應雨勢帶來的農損，我們將採取「從優、從速、從簡」原則，由 行政院農業委員會 公布救助標準，也會確保物價穩定。 　　 根據氣象預報，目前雨勢雖然稍微緩和，但我們依然不能掉以輕心。請住在沿海低窪地區和山區的朋友，都要特別小心安全！ 　　 今天是父親節，再次謝謝所有犧牲了假期、全力執行防救災工作的同仁。不論是在進駐應變中心，或是冒著雨勢在各地救災、搶通路段、抽水排水、搶修水電的同仁，以及國軍和警消弟兄姊妹，大家都辛苦了！翻譯年糕
蔡英文 Tsai Ing-wen,2021-08-06,24000,488,4409,https://m.facebook.com/story.php?story_fbid=10157631473996065&id=46251501064,熱帶性低氣壓（原盧碧颱風）正伴隨著西南氣流通過台灣西部，今天中央氣象局持續對全國各地發布超大豪雨、大豪雨、豪雨及大雨特報。 　　 目前，苗栗縣泰安鄉、台中市和平區、南投縣仁愛鄉及信義鄉、雲林縣、嘉義市、嘉義縣、台南市、高雄市、屏東縣、連江縣，雨量預測都已經達到停止上班及上課的標準，今天（8/7）停班停課一天。 　　 雨勢真的很大，#水災中央災害應變中心 會持續監測各地積淹水、土石流情形，並支援地方政府的防救災工作。也請大家一定要密切注意 報天氣 - 中央氣象局 的訊息，做好防災準備。住在沿海低窪地區及山區的朋友，更是要特別小心！ 　　 ⚠停班停課資訊詳見：https://www.dgpa.gov.tw/typh/daily/nds.html翻譯年糕
蔡英文 Tsai Ing-wen,2021-08-06,63000,554,3569,https://m.facebook.com/story.php?story_fbid=10157630516896065&id=46251501064,奧運接近尾聲，台灣的選手，依然在賽場上堅持展現求勝的意志！ 　　 今天，空手道好手 王翌達 Wang Yi-Ta 登上日本武道館，在男子「型」的項目中，全神貫注，打出了兩套具有個人風格的「型」，這是空手道的紮實功夫，也是台灣選手的氣魄。透過轉播，我們都看到了翌達精采的表現。 　　 另外，高爾夫球女子組賽事進入第三天，徐薇淩Wei-Ling HSU 暫排名第20名，李旻 Min Lee 暫排名第25名。明天還有最後一天賽事，還可以全力追趕，我們繼續為薇淩和李旻集氣！ 　　 截至目前為止，這屆奧運，台灣選手已經獲得2金4銀6銅、一共12面獎牌的好成績，總獎牌數創下歷史新高，更超越了前三屆奧運的總和！這樣的好成績，也受到國際媒體和友人的關注。 　　 能在奧運殿堂上留下好成績，靠的是選手的拚勁、教練的指導，以及完善的後勤支援團隊。我必須指出，這幾年 國家運動訓練中心 National Sports Training Center 大幅提升硬體設施，並強化運動科學團隊對選手的支援，實在是功不可沒。此外，教育部 體育署在2018年提出、2019年開始執行的 #黃金計畫，也取得顯著的成效。我要謝謝所有曾為此奉獻心力的夥伴。 　　 奧運過後，體育政策的努力不會停止。成功的經驗，我們要延續。能夠更用心的部分，我們也一定會加強。期待大家一起保持關心、參與，持續厚植台灣的體育風氣！ 　　 ✅體育政策的詳細說明請見：https://bit.ly/3Ai6zn7 　　 照片提供：體育署 　　 #台灣加油 #東京奧運 #TokyoOlympics翻譯年糕
蔡英文 Tsai Ing-wen,2021-08-06,33000,561,3535,https://m.facebook.com/story.php?story_fbid=10157630294731065&id=46251501064,週末嚴防劇烈豪雨，一起小心防災、注意安全！ 　　 這個星期天是父親節，在準備過節的同時，我要提醒大家：熱帶性低氣壓（原盧碧颱風）的預測路徑持續向東修正，很可能會跨越台灣海峽，帶來龐大的降雨，甚至不排除從西部登陸。再加上週末遇到大潮，對離島和中南部沿海、低窪地區，將會帶來更大的威脅。 　　 目前，在 經濟部 水利署的努力下，水庫提前調節放水，滯洪池進行預排，也在防汛熱點預先布置好抽水機。台灣自來水公司 則蓄滿清水池，完成高濁度應變，會全力確保自來水供應穩定。 　　 今晚我們將進一步開設 #水災中央災害應變中心，我要呼籲中央、地方各級政府機關，務必持續注意防汛整備！ 　　 我也要請大家幫忙互相提醒，提前做好防災準備，外出務必小心，並持續留意最新天氣動態，才能保護自己也保護家人！ 　　 ➡中央氣象局網站：https://www.cwb.gov.tw/V8/C/翻譯年糕
蔡英文 Tsai Ing-wen,2021-08-06,31000,594,2233,https://m.facebook.com/story.php?story_fbid=10157630136811065&id=46251501064,史學大師、中研院的余英時院士，近日以91歲高齡辭世。我們不捨他的離開，也感佩他畢生的學養與貢獻。 　　 余院士在思想史、政治史、文化史領域的學術成就，廣受國內外推崇。不僅如此，他也深具入世關懷，從批判共黨專制、支持中國民主化運動、堅持平反六四，到關注台灣的民主自由發展，每每勇於撰文發聲，做該做的事，講該講的話，從來不曾對強權低頭。余院士一輩子的學思言行，是知識分子的典範。 　　 近年台灣的太陽花運動、香港的占中和反送中運動，余英時院士都不忘挺身為年輕人聲援打氣。「民主是台灣安全的最大保證」，這個來自余院士的提醒，我們謹記在心，更會身體力行。翻譯年糕
蔡英文 Tsai Ing-wen,2021-08-05,190000,1769,5303,https://m.facebook.com/story.php?story_fbid=10157628957851065&id=46251501064,"姿云，妳真的很棒！恭喜拚出了空手道銅牌！ 　　 第一次列入奧運正式項目的空手道，今天 文姿云wen,tzu-yun 挑戰女子個人對打55公斤級，通過小組賽後，在準決賽奮戰到最後一秒鐘，獲得了銅牌！ 　　 這幾年，我看著姿云在亞運賽場發光發熱，我幾次去 國家運動訓練中心 National Sports Training Center 時，也遇到勤奮鍛鍊中的姿云。現在，姿云拿下台灣史無前例的第一面空手道奧運獎牌，締造了新紀錄，我們都以妳為榮！ 　　 照片提供：TSNA攝影侯禕縉 　　 #台灣加油 #東京奧運 #TokyoOlympics翻譯年糕"
蔡英文 Tsai Ing-wen,2021-08-05,71000,776,2967,https://m.facebook.com/story.php?story_fbid=10157628553931065&id=46251501064,奧運賽事來到尾聲，我要好好謝謝我們的田徑代表隊。 　　 我想跟昨天出賽的兩位標槍好手 #黃士峰、黃金右臂-鄭兆村 The Golden Arm: Chao-Tsun Cheng，以及在準決賽止步的跨欄好手 陳奎儒 KueiRu Chen 110mh 說，雖然你們因為沒有達到心目中的成績而失望，但是，我對你們是無比的欽佩。 　　 田徑是奧運最競爭的運動種類之一。上次有台灣人跑進男子跨欄準決賽，是37年前的事情了。有台灣選手參加男子100公尺短跑項目，也是25年前的事情了。至於男子標槍，歷史上只有三位台灣人曾踏上奧運賽場，在士峰和兆村之前，唯一的一位是1984年洛杉磯奧運的陳鴻雁選手。 　　 從2017年世大運、2018年亞運，再到這一次奧運，台灣的田徑好手證明了，台灣人能夠重新站上世界舞台，和全人類中跑得最快、擲得最遠的頂尖選手一較高下。我們也都清楚，在短跑或跨欄項目，世界頂尖選手之間，可能就只有0.01秒的差距。在標槍項目，三次投擲背後，則是十多年光陰的苦練。對於這一切的不容易，我們都看在眼裡，並深深感動。 　　 謝謝士峰、兆村、奎儒，謝謝 楊俊瀚 Hank Yang、陳傑JC、#謝喜恩，也謝謝辛苦的教練團！ 　　 照片提供：體育署 　　 #台灣加油 #東京奧運 #TokyoOlympics翻譯年糕
蔡英文 Tsai Ing-wen,2021-08-04,45000,1787,3176,https://m.facebook.com/story.php?story_fbid=10157627494371065&id=46251501064,"奧運英雄們，歡迎回家！ 　　 東京奧運逐漸來到尾聲，為了配合大會防疫規定，已經結束賽程的選手，這幾天陸續搭上回家的班機了。準備壓軸登場的空手道好手 文姿云wen,tzu-yun、王翌達 Wang Yi-Ta，以及正在爭取排名的高爾夫球好手 徐薇淩Wei-Ling HSU 和 李旻 Min Lee，我們則會繼續準備好加油聲！ 　　 今天下午，空軍把握颱風前合適的天候，派出四架幻象2000戰機，升空伴飛，不只迎接今天返國的代表團成員，更要表達國家對這次奧運代表團的敬意。 　　 我要向每一位選手說，謝謝你們，在奧運賽場上，用精采的表現，大大鼓舞了我們，也讓世界看見台灣人的氣魄。 　　 我也要謝謝代表團的每一位幕後英雄，台灣選手能不斷締造新紀錄，背後要歸功於教練的指導，以及後勤團隊的支援。 　　 在台灣的大家，都在等著奧運英雄們回來！期待疫情持續穩定，等隔離結束後，我們很快能有機會見面！ 　　 #奧運英雄 #歡迎回家翻譯年糕"
蔡英文 Tsai Ing-wen,2021-08-04,100000,818,2549,https://m.facebook.com/story.php?story_fbid=10157627345456065&id=46251501064,"謝謝筱雯用鬥志鼓舞了我們，恭喜妳獲得台灣第一面奧運拳擊獎牌！ 　　 今天的拳擊女子51公斤級四強賽，黃筱雯 Huang Hsiao Wen 再一次拚盡了全力。雖然沒有晉級決賽，但依然以並列銅牌的成績，寫下台灣拳擊的新紀錄，也讓世界看見了台灣。 　　 和筱雯的好表現一起被看見的，還有筱雯左臂上別具意義的台灣刺青，以及寫在手上繃帶的「台灣」。我想要跟筱雯說，妳不只是阿公阿嬤和爸爸的驕傲，也是所有台灣人的驕傲！在奧運流過汗水和淚水後，下次站上拳擊賽場，我們都會繼續為妳加油！ 　　 這次奧運，拳擊代表隊的賽事已經結束。能踏上奧運賽場的選手，背後都有著經年累月不斷揮拳的苦功。謝謝筱雯，謝謝 陳念琴﹣I'm Nien-Chin,CHEN、林郁婷 Lin, Yu-Ting、#吳詩儀 選手，也謝謝辛苦的教練和陪練員。 　　 照片提供：體育署、TSNA攝影侯禕縉 　　 #台灣加油 #東京奧運 #TokyoOlympics翻譯年糕"
蔡英文 Tsai Ing-wen,2021-08-03,95000,894,3151,https://m.facebook.com/story.php?story_fbid=10157625910131065&id=46251501064,恭喜 陳奎儒 KueiRu Chen 110mh 勇闖跨欄準決賽，也謝謝台灣桌球男團的拚勁！ 　　 上一次有台灣選手參加奧運男子跨欄項目，已經是1988年的事了。如今，全國紀錄保持人陳奎儒不但跨進奧運賽場，更在今天的男子110公尺跨欄預賽中，跑出13秒53的好成績，晉級準決賽！就像奎儒賽後的感言，20年來的訓練，都表現在這13秒當中了。奎儒，明天繼續加油！ 　　 桌球代表隊的賽事，則在今天告一段落。下午，桌球男團 莊智淵  Chuang Chih-Yuan、#林昀儒、陳建安 CHEN CHIEN AN 在八強賽對上德國隊，僵持三個小時之久，最終在第五點惜敗。即使如此，看著40歲的「桌球教父」智淵、30歲的建安、19歲的小林同學聯手出擊，在台灣的我們，都是滿滿的感動和感謝。 　　 我也要特別介紹，今晚，來自台灣的馬術選手 #陳少曼 和搭檔Benitus Di Vallerano也出賽了。在個人障礙超越資格賽中，少曼以91秒01完賽，成為史上第一位成功完賽的台灣選手。恭喜少曼實現從小的夢想，也讓更多人欣賞到馬術這項優雅而充滿魅力的競技。 　　 奧運賽程逐漸來到尾聲，但我們為台灣選手的喝采不會減少！明天，拳擊、舉重、田徑、高爾夫賽事都有台灣選手要出賽，我們一起為 黃筱雯 Huang Hsiao Wen、#謝昀庭、黃金右臂-鄭兆村 The Golden Arm: Chao-Tsun Cheng、#黃士峰、#陳奎儒、徐薇淩Wei-Ling HSU 和 李旻 Min Lee 集氣！ 　　 照片提供：體育署、TSNA攝影侯禕縉 　　 #台灣加油 #東京奧運 #TokyoOlympics翻譯年糕
蔡英文 Tsai Ing-wen,2021-08-03,58000,625,2243,https://m.facebook.com/story.php?story_fbid=10157625635531065&id=46251501064,難得和大仁哥在公開場合對談，也恭喜他成為教廷科學院的院士！ 　　 今天，我在總統府接見了 #堅韌社會再造委員會（Reform for Resilience Commission）亞太中心的團隊，這是個疫情下成立的國際組織，關切世界各國如何在防疫中重建韌性。而堅韌社會再造委員會的16位國際委員中，就包括了 陳建仁 Chen Chien-Jen 前副總統，以及宏碁集團的施振榮創辦人。 　　 面對天災、疫病帶來的衝擊，我們確實需要持續強化台灣社會的 #韌性（resilience）。最近，在疫情稍微平緩，疫苗也持續施打的過程中，政府也不斷思考協助經濟復甦、強化社會安全網、促進永續發展的種種措施。而這些課題，都需要多借重專業領域的知識，也需要多和國際交流合作。 　　 很開心看到大仁哥活躍在國際組織，持續貢獻他的經驗和智慧！最近，大仁哥也被教宗方濟各任命為教廷「宗座科學院」（Pontifical Academy of Sciences）的院士，恭喜大仁哥！ 　　 #團結防疫守台灣翻譯年糕
蔡英文 Tsai Ing-wen,2021-08-02,120000,846,3173,https://m.facebook.com/story.php?story_fbid=10157624239451065&id=46251501064,謝謝台灣桌球女團寫下新紀錄，前進東京奧運辛苦了！ 　　 奧運的桌球賽事，在完成雙打、單打項目後，持續進入團體賽。昨天，台灣桌球女團三位好手 鄭怡靜 CHENG I-Ching、陳思羽 Chen Szu-Yu、#鄭先知 力克美國隊，成功闖進八強，這也是台灣桌球女子團體的奧運最佳紀錄！ 　　 今晚，雖然被地主日本隊守下了勝利，但 #台日友情對決 後，我們一樣要給台灣桌球女團最大的掌聲，並祝福晉級的日本隊。 　　 明天換桌球男團接力出賽，莊智淵  Chuang Chih-Yuan、#林昀儒、陳建安 CHEN CHIEN AN 將對上實力堅強的德國隊。我們繼續幫台灣選手加油！ 　　 照片提供：TSNA攝影侯禕縉 　　 #台灣加油 #東京奧運 #TokyoOlympics翻譯年糕
蔡英文 Tsai Ing-wen,2021-08-01,39000,1922,4008,https://m.facebook.com/story.php?story_fbid=10157623703876065&id=46251501064,"家裡有六歲以下孩子的家長們，8/1起，育兒補助已經加碼了！　 　　 從這個月開始，育兒津貼和托育補助，都提高了1,000元。另外，二到六歲的孩子，就學繳費的上限，也再減少了1,000元。這是政府落實 #0到6歲國家跟你一起養 政策承諾的最新進度，下個月刷簿子時，可以多注意一下！ 　　 另外，不只今年八月補助加碼，到了明年八月，補助還會再提高，繳費也會再降低！當爸媽的神隊友，幫忙減輕負擔，讓孩子們有更好的成長環境，這件事情，我們會不斷努力！翻譯年糕"
蔡英文 Tsai Ing-wen,2021-08-01,460000,3119,14000,https://m.facebook.com/story.php?story_fbid=10157622600501065&id=46251501064,謝謝小戴，在我們心中，妳是最棒的！ 　　 今天晚上，所有能打開電視、能連上網路的台灣人，幾乎都陪著小戴 戴資穎/ Tai Tzu Ying 拚戰。這一面奧運銀牌，已經創下了 #台灣羽球女單史上最佳成績。 　　 這些年來，小戴靠著頂尖的球技和意志力，不斷推進台灣羽球的紀錄。在每一次揮拍中，我們都可以感受到小戴的韌性。小戴，我們永遠挺妳！ 　　 照片提供：TSNA攝影侯禕縉 　　 #台灣加油 #東京奧運 #TokyoOlympics翻譯年糕
蔡英文 Tsai Ing-wen,2021-08-01,250000,1998,4274,https://m.facebook.com/story.php?story_fbid=10157622352666065&id=46251501064,當年的小男孩，一直練、一直練，終於成為奧運銀牌得主了！恭喜智凱！ 　　 今晚的體操男子鞍馬決賽，在 李智凱 Chih Kai Lee 翻滾的那45秒，全台灣都屏住了呼吸。最後，智凱完美落地，以15.400的高分，獲得了銀牌！這也是台灣體操第一次在奧運奪牌！ 　　 這些年，我們都看著「菜市場凱」，從小學時就和 #林育信 教練立下參加奧運比賽的約定。十多年來，經歷過成長，經歷過受傷的低潮，經歷過2016年里約奧運的淚水，也經歷過世大運、亞運、世界盃到世錦賽綻放出的光彩，現在，智凱站上了奧運的頒獎台。 　　 這是來自台灣的男孩，我們都同感驕傲！ 　　 照片提供：TSNA攝影侯禕縉 　　 #台灣加油 #東京奧運 #TokyoOlympics翻譯年糕
蔡英文 Tsai Ing-wen,2021-08-01,160000,1190,2455,https://m.facebook.com/story.php?story_fbid=10157622218431065&id=46251501064,恭喜 #潘政琮 拿下高爾夫球男子組銅牌！ 　　 經過連續四天的出賽，台灣高爾夫球一哥 C.T. Pan 潘政琮 後來居上，排名一天比一天前進，以269桿的總成績和6名選手並列第三。最後在3洞附加賽和延長驟死賽中，政琮一一比下對手，終於拿下了銅牌！ 　　 這是台灣在奧運的第一面高爾夫球獎牌，政琮不但寫下了歷史新紀錄，永不放棄的精神，更是大大振奮了全台灣！我也要恭喜政琮的太太、陪同擔任桿弟的 #林盈君。夫妻互相扶持，一起經歷漫長的競技，收下了最美好的果實！ 　　 照片提供：TSNA攝影侯禕縉 　　 #台灣加油 #東京奧運 #TokyoOlympics翻譯年糕
蔡英文 Tsai Ing-wen,2021-07-31,43000,715,2004,https://m.facebook.com/story.php?story_fbid=10157621891601065&id=46251501064,"今天是8/1原住民族日，我們為奧運賽場上的原住民選手加油，也要為各領域的族人喝采！ 　　 這幾天，原住民選手有精采的表現。其中，拳擊好手 陳念琴﹣I'm Nien-Chin,CHEN 在晉級奧運八強的那一刻，對著轉播鏡頭，大聲用族語喊出自己是「阿美族的孩子」，真的很振奮人心。 　　 我也要告訴大家，不只是體育，台灣的原住民族裡，有出色的教育家，有盡責的國軍官兵，有產業界的中流砥柱，第一線的防疫崗位上，也有許多原住民醫師和護理師。原住民族在各個專業領域，都有傑出的成就。 　　 除了推崇原住民族的貢獻，我更希望，我們對原住民族的認識，不會只停留在「原住民勇士」、「原住民公主」、「體育都很好」等簡單標籤上，而是可以一起認識原住民族各族、各部落多樣的歷史和文化，一起促成多元的互動和理解。 　　 向原住民族學習，也向原住民族致敬，這就是 #原住民族日 最大的意義！ 　　 ✅原住民族日展覽活動看這邊：https://reurl.cc/AkW5oQ ✅原住民族電子書城，好書線上看：https://alilin.apc.gov.tw翻譯年糕"
蔡英文 Tsai Ing-wen,2021-07-31,140000,1136,3412,https://m.facebook.com/story.php?story_fbid=10157621005496065&id=46251501064,不只麟洋配，今天也是許多台灣人寫紀錄的一天！ 　　 下午 湯智鈞 Tang Chih Chun 寫下台灣男子射箭選手的奧運紀錄，傍晚小戴 戴資穎/ Tai Tzu Ying 在羽球女單四強賽獲勝，順利打進金牌戰，同樣也已經創下紀錄！明天晚上，全台灣都會繼續為小戴集氣！ 　　 晚上的舉重男子96公斤級賽事，#陳柏任 則以抓舉176公斤（平全國紀錄）、挺舉205公斤（破全國紀錄）、總和381公斤（破全國紀錄）的成績，最終名列第五。恭喜柏任！ 　　 另外，「台灣最速男」楊俊瀚 Hank Yang 在田徑男子100公尺賽事，跑出10秒21的本季最佳成績。高爾夫好手 #潘政琮 完成男子組第三輪賽事後，排名升到第17名，明天還要繼續拚！我也要肯定小天 #周天成 的鬥志，雖然羽球男單在八強止步，但你說過「想讓世界看見台灣」的目標，已經達成了。謝謝小天，謝謝今天每一位盡情揮灑自己的台灣英雄！ 　　 ⚠️為選手們喝采的同時，我也要提醒：受到西南氣流影響，中央氣象局持續發布台中以南各縣市的豪雨、大雨特報，明天（8/1）台南市、高雄市更因為雨量預測達標，已經宣布停班停課一天。請大家務必留意官方資訊，慎防短延時強降雨帶來的災害。 　　 照片提供：體育署 　　 #台灣加油 #東京奧運 #TokyoOlympics翻譯年糕
蔡英文 Tsai Ing-wen,2021-07-31,450000,3851,13000,https://m.facebook.com/story.php?story_fbid=10157620887931065&id=46251501064,剛剛我忍不住打去東京，和 #台灣聖筊 通上電話，我替大家告訴齊麟和李洋⋯⋯ 　　 今晚，全台灣都在看你們比賽，都為你們瘋狂！ 　　 李洋/Lee Yang、王齊麟/Wang Chi Lin，謝謝你們！ 　　 照片提供：TSNA攝影侯禕縉 　　 #台灣加油 #東京奧運 #TokyoOlympics翻譯年糕
蔡英文 Tsai Ing-wen,2021-07-31,370000,5028,16000,https://m.facebook.com/story.php?story_fbid=10157620725161065&id=46251501064,台灣來的「聖筊」！恭喜 #麟洋配 拿下我國第一面羽球金牌！ 　　 今晚的羽球男雙決賽，台灣的「黃金男雙」李洋/Lee Yang、王齊麟/Wang Chi Lin 攻守兼備，以直落二技壓中國的「雙塔組合」李俊慧和劉雨辰，順利贏得金牌，也寫下台灣羽球的新紀錄！ 　　 2019年才開始搭檔，短短兩年多，就能在奧運殿堂登上頂峰，李洋和齊麟的默契，真的沒話說！謝謝你們，讓世界看見了台灣選手的實力！ 　　 照片提供：TSNA攝影侯禕縉 　　 #台灣加油 #東京奧運 #TokyoOlympics翻譯年糕
蔡英文 Tsai Ing-wen,2021-07-31,130000,781,2150,https://m.facebook.com/story.php?story_fbid=10157620380431065&id=46251501064,第四名！我們要給 湯智鈞 Tang Chih Chun 最用力的掌聲！ 　　 今天的射箭男子個人賽，20歲的「湯包」湯智鈞，一早在加射中，以一箭之差驚險擊敗以色列選手Itay Shanny。中午更力克韓國好手、男團金牌得主金優鎮，這是最高水準的表現！ 　　 雖然最終智鈞在銅牌戰中，以些許差距敗給地主隊、五度參加奧運的日本名將古川高晴，不過，能跟各國資深選手抗衡到最後，實在了不起！這也刷新了台灣男子射箭選手在奧運的最佳個人名次！ 　　 本屆奧運的射箭賽事，至此全部結束。我要謝謝 雷千瑩 LEI CHIEN YING、譚雅婷 Tan Ya-Ting、#林佳恩、魏均珩 WEI Chun-Heng、#鄧宇成，以及智鈞，一共六位選手帶給我們的美好賽事。也謝謝林政賢總教練、倪大智教練和劉展明教練。辛苦了，等你們回來！ 　　 照片提供：體育署 　　 #台灣加油 #東京奧運 #TokyoOlympics翻譯年糕
蔡英文 Tsai Ing-wen,2021-07-31,50000,482,2261,https://m.facebook.com/story.php?story_fbid=10157620248336065&id=46251501064,立陶宛捐贈的疫苗已經抵達，再次謝謝民主夥伴的心意！ 　　 今天早上，中央氣象局針對南台灣發布豪雨、大雨特報，我們正持續提防雨勢，關注應變工作的整備狀況。請在南部的朋友出入小心。 　　 同時，來自立陶宛的2萬劑AZ疫苗，也順利抵達桃園國際機場了。加上政府自行採購的58.2萬劑AZ疫苗在週二（7/27）到貨，我們一共增加了60.2萬劑庫存。我要再次謝謝立陶宛政府在疫情中，和台灣的互相扶持，也要謝謝謝居中奔走的各界人士與外交團隊。接下來，台灣也會努力讓國際防疫合作的 #善的循環 持續溫暖茁壯！ 　　 全國的疫苗覆蓋率剛突破30%，最新一波疫苗意願登記也正在進行中，8/2中午前，請還沒有登記的朋友，記得上網去登記！ 　　 ➡疫苗施打意願登記與預約系統：https://1922.gov.tw/ 　　 #團結防疫守台灣翻譯年糕
蔡英文 Tsai Ing-wen,2021-07-30,100000,1002,2829,https://m.facebook.com/story.php?story_fbid=10157619072361065&id=46251501064,"奧運賽場上，除了勝負之外，總還能有些畫面，停留在我們的腦海。 　　 今天的拳擊女子69公斤級賽事後，止步於八強的 陳念琴﹣I'm Nien-Chin,CHEN 選手在拳擊場中跪下，給了場地一個親吻。她說，這是感謝自己和團隊的努力，因為這個舞台得來不易。 　　 第一次參加奧運的田徑好手 #謝喜恩，在女子100公尺資格賽結束後，雖然無緣晉級，還是表示開心和享受，覺得沒有對不起自己所付出的準備，更謝謝家人一直以來的支持。 　　 我們也看到選手和選手之間，在競爭過後，對彼此表達的激賞。羽球女單八強賽，小戴 戴資穎/ Tai Tzu Ying 和纏鬥到最後一刻的泰國好手 Ratchanok Intanon (รัชนก อินทนนท์)，賽場上同時撲倒搶球，賽後也各自雙手合十，向彼此致意。 　　 羽球男雙也是。黃金男雙 李洋/Lee Yang、王齊麟/Wang Chi Lin 擺完招牌「聖筊」勝利姿勢，立即和印尼對手Hendra Setiawan、Mohammad Ahsan互相擁抱、擊掌。頂尖高手間的相知相惜，真是讓人激賞！ 　　 奧運的競賽項目繁多，我們未必能清楚每種運動的規則、技巧，但對於選手的拚勁，對於運動家真誠的情感，卻很能產生共鳴。比賽有輸有贏，而跨越語言和國界的感動，將會繼續流傳。 　　 再次恭喜總排名締造個人奧運最佳紀錄的划船 黃義婷HUANG Yi-Ting 選手、射擊 #田家榛 和 吳佳穎 Wu Chia Ying（證件妹） 選手，也要給射箭 #林佳恩 選手、拳擊 #吳詩儀 選手、田徑 陳傑JC 選手、高爾夫 #潘政琮 選手、游泳 #黃渼茜 選手最大的掌聲和肯定！能幫你們加油，是很開心的事！ 　　 照片提供：中央社、體育署 　　 #台灣加油 #東京奧運 #TokyoOlympics翻譯年糕"
蔡英文 Tsai Ing-wen,2021-07-30,220000,1429,4859,https://m.facebook.com/story.php?story_fbid=10157618880701065&id=46251501064,今晚，全台灣都幫小林同學加油，謝謝你帶給我們一場精采的比賽！ 　　 在桌球男子單打銅牌戰中，#林昀儒 對上德國名將、前世界球王 Dimitrij Ovtcharov，經歷好幾次deuce（平分），前六局戰成3:3平手，最終纏鬥到第七局才落敗，本屆奧運男單以第四名作收。 　　 雖然不免可惜，但這已經追平 莊智淵  Chuang Chih-Yuan 保持的台灣桌球男單紀錄。2012年倫敦奧運，一樣是銅牌戰，一樣是Ovtcharov，讓無數的台灣球迷扼腕。 　　 我們向台灣的好對手Ovtcharov致敬，也要繼續幫昀儒加油！昀儒，休息一下，未來一定還有更棒的旅程！ 　　 照片提供：TSNA攝影侯禕縉 　　 #台灣加油 #東京奧運 #TokyoOlympics翻譯年糕
蔡英文 Tsai Ing-wen,2021-07-29,110000,1545,5564,https://m.facebook.com/story.php?story_fbid=10157618328006065&id=46251501064,今天是李登輝前總統離開我們滿一年的日子。 　　 一早我和 賴清德 副總統、蘇貞昌 院長、游錫堃 院長、陳菊(花媽) 院長一起前往五指山國軍示範公墓，表達對李前總統的追思。 　　 我們回顧前人追求台灣民主的曲折進程，更珍惜當下的自由空氣。每個時代，都有不同的挑戰，持續深化台灣民主，並走向世界，和國際夥伴共同守護民主價值，就是我們這一代人的挑戰和使命。 　　 台灣的民主之路，我們會堅定地走下去。 　　 下午我將出席 國史館Academia Historica 的「關鍵1991：李登輝與台灣民主元年」特展開幕，直播頻道請見：https://reurl.cc/eEbWxj翻譯年糕
蔡英文 Tsai Ing-wen,2021-07-29,100000,902,3358,https://m.facebook.com/story.php?story_fbid=10157617145831065&id=46251501064,場上全力以赴，場下展現友誼，這是奧運的精神，也是運動家的風範。 　　 今天台灣選手參與的賽事，場場扣人心弦。有最頂尖的桌球對決，有高張力的射箭對抗，也有划船賽事中，黃義婷HUANG Yi-Ting 選手挑戰自我，刷新個人奧運成績的感動時刻。 　　 我們也對選手流露出的真摯情感，留下難忘的印象。今天羽球男雙 李洋/Lee Yang、王齊麟/Wang Chi Lin 獲勝那一刻，落敗的地主隊選手 #渡邊勇大 豎起大拇指，比了一個大大的「讚」。看到他賽後流下淚水，齊麟給了他一個擁抱。 　　 擁抱的畫面，也出現在射箭男子個人淘汰賽。魏均珩 WEI Chun-Heng 和 湯智鈞 Tang Chih Chun 的「台灣對決」，僵持到加射階段，智鈞以一記10分箭，一分之差驚險勝出。賽後兩位選手互相擁抱，均珩給了晉級的智鈞滿滿的祝福。 　　 相信大家都有感覺，收看奧運轉播的同時，我們往往不是帶著焦慮、懊惱或憤怒的心情。在為比數緊張之外，很多時候，我們也能夠感受到，台灣選手臨場的自信、鬥志、和韌性。我們知道選手們是如何享受比賽，我們也知道，代表台灣的這批優異青年，是充滿了運動家的風範。 　　 每一位選手，都是台灣的驕傲。我要恭喜今天晉級的射箭好手 #林佳恩、拳擊好手 黃筱雯 Huang Hsiao Wen，更要把掌聲獻給拚盡全力的羽球好手 王子維 / Wang Tzu Wei、射箭好手 #鄧宇成、射擊好手 楊昆弼 Yang kun pi 和游泳好手 王冠閎 Eddie Kuan-Hung Wang。另外，女子25公尺手槍資格賽和高爾夫男子組賽事仍在進行中，吳佳穎 Wu Chia Ying（證件妹）、#田家榛、#潘政琮 都加油！繼續衝刺排名！ 　　 明天從早到晚，還有一連串關鍵賽事。奧運期間，關心比賽，也別忘了依然要注意防疫，避免群聚，並且適時動一動、讓眼睛休息喔！ 　　 照片提供：體育署 　　 #台灣加油 #東京奧運 #TokyoOlympics翻譯年糕
蔡英文 Tsai Ing-wen,2021-07-29,220000,1705,7397,https://m.facebook.com/story.php?story_fbid=10157616892306065&id=46251501064,太精采的一場比賽！小林同學！ 　　 剛才進行的奧運桌球男單四強賽，小林同學 #林昀儒 和世界球王樊振東拚搏到第七局，頻頻以巧妙刁鑽的球路，給對手製造出龐大的壓力。雖然最後以3:4的差距落敗，但這真的是最頂尖的一場對決！ 　　 小林同學，你真的打出了我們想像不到的球路。太棒了！銅牌戰加油，繼續寫下驚奇吧！ 　　 照片提供：TSNA攝影侯禕縉 　　 #台灣加油 #東京奧運 #TokyoOlympics翻譯年糕
蔡英文 Tsai Ing-wen,2021-07-28,120000,1752,3619,https://m.facebook.com/story.php?story_fbid=10157616705241065&id=46251501064,台灣英雄陸續回國，送上「奧運英雄限定版早餐」，好好休息一下吧！ 　　 這幾天，配合東京奧運防疫要求，結束賽程的選手、教練、陪練員及技術人員，已經分批回到台灣。除了 教育部 依約定為選手安排商務艙外，也設置了專屬的通關。 　　 接下來，台灣英雄們要在防疫旅館住一段時間。我準備了 #阜杭豆漿 和 #上海老天祿滷味，並附上卡片。這一點心意，是要謝謝大家為國家的付出。 　　 另外也特別說明，限定版的早餐，在 國家運動訓練中心 National Sports Training Center 的營養師協助把關下， #飯糰加大但沒有油條， #滷味也特製不含丁香，希望選手們在享受美味的同時，也能吃得營養又沒負擔。 　　 歡迎回家！ 　　 #台灣加油 #東京奧運 #TokyoOlympics翻譯年糕
蔡英文 Tsai Ing-wen,2021-07-28,83000,708,2495,https://m.facebook.com/story.php?story_fbid=10157615586186065&id=46251501064,今天又是台灣選手拿出精采表現的一天！ 　　 🔺在桌球男單賽事，小林同學 #林昀儒 直落四擊敗對手，成功晉級四強，也確定會追上 莊智淵 Chuang Chih-Yuan  在2012年倫敦奧運獲得男單第四名的台灣紀錄。下一場，小林同學將對上世界排名第一的中國選手。加油！讓世界看看台灣「天才少年」的實力吧！ 　　 🔺在羽球賽事，一早許多人還來不及打開電視，小戴 戴資穎/ Tai Tzu Ying 就已順利贏球。傍晚小天 #周天成 和 王子維 / Wang Tzu Wei 同時出賽，各自拚滿三局後拿下勝利，至此羽球小組賽告一段落，台灣選手全部晉級！我們都會繼續密切關注。  　　 🔺在體操賽事，今晚登場的男子全能決賽，「亞洲貓王」唐嘉鴻 Tang Chia Hung 以六項總和84.798分，名列第七名，締造台灣選手在奧運的新紀錄！嘉鴻，你的好表現，全世界都看到了。你對轉播鏡頭比的愛心，在台灣的我們也接收到了。 　　 同場出賽的「鞍馬王子」李智凱 Chih Kai Lee 雖然不慎受傷，幸好傷勢沒有大礙，教練也請大家放心。我們會繼續為智凱後續的鞍馬單項決賽集氣！ 　　 🔺今天出賽的還有征戰三屆奧運的射箭好手「雷母」雷千瑩 LEI CHIEN YING、台灣第一位達到「奧運游泳參賽A標」的 水之呼吸 王星皓-Wang Hsing-Hao，即使沒闖進下一關，你們依然是所有台灣人的標竿。另外，曾打破世界紀錄的不定向飛靶射擊好手 楊昆弼 Yang kun pi 也正在進行資格賽，明天繼續加油！ 　　 這一屆奧運，台灣選手在每一個參賽項目，幾乎都有亮眼的表現。有時同一時間有好幾場精采賽事，打開電視，我們甚至不知道該先收看哪一場轉播才好。目前，代表團的總獎牌數也已經創下歷史新高，而這一切的好表現、好成績，都要歸功於選手的付出、國家運動訓練中心 National Sports Training Center 各項後勤團隊長期的協助，以及 教育部 體育署從2019年啟動的「黃金計畫」。曾經辛苦耕耘的，終究結出了美好的果實。 　　 特別標籤出每一位選手和後勤單位，是希望奧運期間，我們大力加油打氣；奧運過後，更要不斷提升環境，持續給予支持！台灣的體育實力，就是我們的驕傲。 　　 照片提供：體育署 　　 #台灣加油 #東京奧運 #TokyoOlympics翻譯年糕
蔡英文 Tsai Ing-wen,2021-07-27,74000,1365,9479,https://m.facebook.com/story.php?story_fbid=10157614649826065&id=46251501064,我已經完成疫苗意願登記，並且選擇接種國產高端疫苗。 　　 安全、有效、合法，符合科學標準的疫苗，才會提供給大家接種。我也會去接種，請大家放心。 　　 昨天下午，#疫苗施打意願登記與預約系統 已經重新開放意願登記，也將高端疫苗列為選項之一。 　　 我要呼籲所有符合資格的民眾，都盡快進行疫苗意願登記與預約。疫情警戒降級不鬆懈，請大家繼續努力，衝刺提高接種率，達成更完善的群體免疫力，相信我們不久後就可以恢復如常生活！ 　　 ➡️疫苗施打意願登記與預約系統：https://1922.gov.tw/ 　　 #團結防疫守台灣翻譯年糕
蔡英文 Tsai Ing-wen,2021-07-27,110000,827,3680,https://m.facebook.com/story.php?story_fbid=10157613743461065&id=46251501064,"今天一整天，我們的心，都隨著奧運賽場上的變化而起伏。 　　 早上，兩位年僅19歲的少年好手先後出賽，桌球天才少年 #林昀儒 率先在男單賽事中取勝，台灣蝶王 王冠閎 Eddie Kuan-Hung Wang 在游泳男子200公尺蝶式半準決賽中，很可惜的卻無緣晉級，沒關係，未來還要繼續挑戰！ 　　 中午，羽球黃金男雙 李洋/Lee Yang、王齊麟/Wang Chi Lin 陷入互有來往的拉鋸戰，最後從世界排名第一的印尼黃金搭檔手中拿下小組賽珍貴一勝，順利晉級八強！稍晚的射箭女子個人淘汰賽，遺憾 譚雅婷 Tan Ya-Ting 僅以微小的差距失利，參加10公尺空氣步槍混合團體賽事的 #呂紹全 和 #林穎欣 也未能晉級，但我們都知道這已經是極為不容易的成績。 　　 從下午到晚上，舉重接連拿下兩面獎牌，讓我們欣喜萬分！兩位拳擊好手 陳念琴﹣I'm Nien-Chin,CHEN 和 #吳詩儀 也都以旺盛的鬥志拚進下一輪賽事。台灣女生，在奧運賽場先後揚威！ 　　 而讓我們所有人都懸著一顆心的，是一系列桌球單打賽事。昀儒連贏兩場，成功闖進八強，莊智淵  Chuang Chih-Yuan 和埃及對手鏖戰七局後落敗。女單的賽事，鄭怡靜 CHENG I-Ching 和 陳思羽 Chen Szu-Yu 也陸續止步。不氣餒，接著還有團體賽！ 　　 無論比賽結果如何，我都要謝謝每位出賽的選手、教練及後勤團隊！謝謝你們把屬於台灣人的氣魄帶到了東京，用強烈的拚戰精神，讓世界看見台灣，更讓台灣在奧運殿堂中留名。這一切，真的鼓舞了我們。 　　 這兩天，結束賽程的選手和教練開始返台。我們在機場準備了專屬的通關，並由專人協助入住防疫旅館。期待選手們都能好好休息，往後還有全新的旅程，讓我們一起繼續努力！ 　　 照片提供：體育署 　　 #台灣加油 #東京奧運 #TokyoOlympics翻譯年糕"
蔡英文 Tsai Ing-wen,2021-07-27,110000,763,2797,https://m.facebook.com/story.php?story_fbid=10157613510226065&id=46251501064,舉重第二面獎牌！恭喜 #陳玟卉 選手贏得銅牌！ 　　 今晚的舉重女子64公斤級賽事，競爭極度激烈，每位選手都拿出最大的鬥志，不斷堆高成績，直到最後一刻才分出了勝負！最終玟卉以抓舉103公斤、挺舉127公斤、總和230公斤的成績，奮勇拿下銅牌。 　　 當玟卉振臂高呼的那一刻，我們也都為玟卉歡呼！ 　　 照片提供：體育署 　　 #台灣加油 #東京奧運 #TokyoOlympics翻譯年糕
蔡英文 Tsai Ing-wen,2021-07-27,220000,1806,5103,https://m.facebook.com/story.php?story_fbid=10157613463216065&id=46251501064,"謝謝郭婞淳，為台灣拿下東京奧運第一金！ 　　 舉重女神 Tana 郭婞淳 KUO, Hsing-Chun，終於贏得奧運金牌！不只拿下金牌，更一次打破女子59公斤級抓舉、挺舉、總和三項奧運紀錄！ 　　 身為女子59公斤級世界紀錄保持人的婞淳，今天以抓舉103公斤、挺舉133公斤、總和236公斤的成績，毫無懸念，讓金牌穩穩落袋，也締造了同量級的奧運新紀錄。 　　 剛剛，在婞淳忙到一個段落後，我也打了電話恭喜婞淳，聽婞淳親口分享喜悅！我跟婞淳說，今天全台灣都為妳瘋狂，前兩次奧運沒實現的目標，這次在東京奧運做到了，我們都以妳為榮！ 　　 今天的最後一舉，婞淳更試著推進自己創下的挺舉世界紀錄。挑戰沒有成功時，我以為是在難過，但看到婞淳馬上露出了笑容，我想，全台灣的人都放心了。 　　 照片提供：TSNA攝影侯禕縉 　　 #台灣加油 #東京奧運 #TokyoOlympics翻譯年糕"
蔡英文 Tsai Ing-wen,2021-07-26,56000,775,3918,https://m.facebook.com/story.php?story_fbid=10157613020026065&id=46251501064,"Děkuji !（捷克語「謝謝」） 　　 謝謝捷克政府，昨天在內閣會議中決定，將捐贈30,000劑疫苗給台灣。在Delta變種病毒肆虐各國的此刻，歐洲國家依然願意提供友善的支持，真的讓我們深深感謝。 　　 去年四月，台灣和捷克共同簽署發布 #台捷防疫合作聯合聲明，我們互相交流防疫經驗，針對防疫物資的建置密切合作。政府與民間也陸續提供口罩、口罩機等防疫物資和設備給捷克。很高興合作關係形成了正面的循環，我們會努力深化下去！ 　　 我也要謝謝許多捷克的好朋友，一起促成了台灣和捷克更進一步的合作。這陣子，包括捷克參議院議長韋德齊（Miloš Vystrčil）外委會費雪主席（Pavel Fischer）布拉格市賀吉普市長（Zdeněk Hřib - primátor Prahy）在內的好朋友，都相當關心台灣的疫情及取得疫苗的情況。患難見真情，正是台捷真摯友誼的寫照。 　　 國際疫情仍然嚴峻，台灣和捷克，一定會繼續攜手對抗疫情挑戰！翻譯年糕"
蔡英文 Tsai Ing-wen,2021-07-26,150000,1412,5361,https://m.facebook.com/story.php?story_fbid=10157611971696065&id=46251501064,"能長留我們心底的，往往不只是比賽勝負，更包括了選手展現出的不屈鬥志。 　　 今晚，除了再次恭喜射箭男團、桌球混雙奪牌，我也要好好謝謝桌球選手 莊智淵 Chuang Chih-Yuan。從當年的「小莊」到現在的「桌球教父」，40歲的智淵在培育出眾多新秀的同時，依然維持身手，第五度代表台灣征戰奧運。今天智淵在男單第三輪賽事中勝出，繼續挺進，資深選手堅持到底的意志力，我們都為之折服。 　　 還有一個重大的好消息，是「台灣蝶王」王冠閎 Eddie Kuan-Hung Wang 在游泳男子200公尺蝶式預賽中，游出1分54秒44好成績，突破了自己所保持的全國紀錄，也名列預賽全部選手第2名，順利晉級前16強準決賽！台灣人在奧運殿堂中，又跨出了一個新的里程碑。 　　 另外，羽球單打、雙打小組賽持續中。小戴 戴資穎/ Tai Tzu Ying 和黃金男雙 李洋/Lee Yang、王齊麟/Wang Chi Lin 都穩穩收下一勝。明天黃金男雙將迎戰世界排名第一的印尼搭檔，加油，繼續拚就對了！ 　　 今天以無比拚勁深深感動我們的，還有柔道選手 連珍羚 LIEN Chen-Ling、拳擊選手 林郁婷 Lin, Yu-Ting、舉重選手 江念欣-MaLia 和跆拳道選手 #劉威廷，無論是汗水還是淚水，揮灑在賽場上的，都是努力過的痕跡。四位代表台灣挑戰頂峰的好手，都是我們最大的驕傲。辛苦了，等你們回來！ 　　 照片提供：法新社、體育署 　　 #台灣加油 #東京奧運 #TokyoOlympics翻譯年糕"
蔡英文 Tsai Ing-wen,2021-07-26,110000,706,2663,https://m.facebook.com/story.php?story_fbid=10157611717476065&id=46251501064,再拿一面獎牌！恭喜桌球混雙組合鄭怡靜、林昀儒拿下銅牌！ 　　 今晚的桌球混合雙打銅牌戰，台灣桌球一姊 鄭怡靜 CHENG I-Ching 和天才少年 #林昀儒 火力全開，完全展現出實力，順利以4比0擊敗法國對手，俐落地拿下銅牌！這面銅牌，也是2000年雪梨奧運後，台灣睽違21年的奧運桌球獎牌。 　　 備戰了兩年，怡靜和昀儒的默契真的沒話說！接下來的單打項目，我們繼續集氣！ 　　 照片提供：TSNA攝影侯禕縉 　　 #台灣加油 #東京奧運 #TokyoOlympics翻譯年糕
蔡英文 Tsai Ing-wen,2021-07-26,100000,969,3119,https://m.facebook.com/story.php?story_fbid=10157611517981065&id=46251501064,恭喜射箭代表隊男團，睽違17年，再次射下奧運銀牌！ 　　 今天進行的男子團體賽，三位射箭好手 魏均珩 WEI Chun-Heng、湯智鈞 Tang Chih Chun、#鄧宇成 頂住壓力，一早16強賽對上澳洲時，從落後的局面中，連續射出五支滿分的10分箭追平，接著更在加射時以一分之差勝出。 　　 8強賽對上中國，4強賽對上荷蘭，台灣男團都維持沉穩的表現，一路技壓對手。直到決賽時，才以些微差距落敗給尋求連霸的韓國隊。即使如此，三位好手發揮了應有的實力，依然是了不起的成績！ 　　 我也在會議的空檔，抽空看了一小段決賽。透過轉播，能夠感受到射箭團體項目競爭之激烈，不僅對抗強度高，容錯範圍小，計時節奏快，這次奧運的比賽場地－東京夢之島公園射箭場，風向和風速更是變化多端，非常考驗選手臨場的專注，以及快速調整適應的能力。這一次，台灣男團繼2004年雅典奧運，再次在奧運殿堂摘下銀牌，真的讓人高興！ 　　 接下來，射箭還有個人項目要進行，男團好手們和前幾天也出賽過的女團好手們，繼續加油、加油、加油！ 　　 照片提供：體育署、TSNA攝影侯禕縉 　　 #台灣加油 #東京奧運 #TokyoOlympics翻譯年糕
蔡英文 Tsai Ing-wen,2021-07-25,87000,776,3478,https://m.facebook.com/story.php?story_fbid=10157610189141065&id=46251501064,謝謝台灣的選手們，再度帶給我們感動的一天！ 　　 今天連續三場扣人心弦的桌球賽，節奏之快，讓人幾乎要屏住呼吸。五度征戰奧運的 莊智淵 Chuang Chih-Yuan  選手，在男子單打第二輪賽事中，沉著應對被聽牌的局面，最終逆轉獲勝。混雙項目兩場賽事中，台灣的最強組合 鄭怡靜 CHENG I-Ching  和 #林昀儒 也展現出絕佳拚戰精神，明天銅牌戰繼續加油！ 　　 我也要大大恭喜 羅嘉翎 LO Chia-Ling +0 選手贏得跆拳道女子57公斤級銅牌，除了為奪牌而開心，更高興於新生代好手展現出的活力。在大場面中勇敢無畏的「+0」，是台灣人共同的驕傲。 　　 當然，體育競技迷人的地方，不只在於結果，也在於過程。網球一哥 #盧彥勳 Yen-Hsun Rendy Lu 職業生涯最終戰、18歲體操精靈 #丁華恬 奧運初登場、舉重英雄 #高展宏 咬緊牙關也要支撐住的堅持、射擊和射箭好手們瞄準目標的專注、划船和激流輕艇選手的奮勇向前，以及羽球一哥小天 #周天成 的首輪出賽等等，每一個項目，每一場賽事，台灣選手的表現，我們都給予最大力的喝采。 　　 明天還有更多精采賽事，我們繼續全力應援！ 　　 ✅每日奧運賽程請鎖定我的LINE@：https://page.line.me/iing 　　 照片提供：體育署 　　 #台灣加油 #東京奧運 #TokyoOlympics翻譯年糕
蔡英文 Tsai Ing-wen,2021-07-25,170000,1578,4216,https://m.facebook.com/story.php?story_fbid=10157609905501065&id=46251501064,今晚的「+0」，振奮了全台灣！ 　　 東京傳回來捷報，恭喜 羅嘉翎 LO Chia-Ling +0 選手勇奪跆拳道女子57公斤級銅牌！ 　　 19歲的嘉翎，第一次登上奧運大舞台，就展現出無畏的氣魄，成功踢下獎牌。英雄出少年，嘉翎妳真的很棒！大大恭喜！ 　　 照片提供：體育署、TSNA攝影侯禕縉 　　 #台灣加油 #東京奧運 #TokyoOlympics翻譯年糕
蔡英文 Tsai Ing-wen,2021-07-25,80000,615,1954,https://m.facebook.com/story.php?story_fbid=10157609620146065&id=46251501064,二十年職業生涯，五屆奧運代表，一顆永不忘回饋台灣的初心。謝謝彥勳，台灣的網球一哥！ 　　 今天中午，男網好手 #盧彥勳 Yen-Hsun Rendy Lu  在豔陽下，完成了本屆奧運的賽事，並將卸下職業球員的身分。從2004雅典奧運開始，彥勳用手中的球拍，在奧運殿堂上，一次又一次讓世界看見台灣，也讓球迷留下了滿滿的回憶。 　　 彥勳職業生涯累積的成就，許多都是台灣男網史上第一。在球場外，彥勳則是第一位當選ATP（職業網球聯合會）球員理事的台灣人，也願意為台灣的體育發展提供建言。不論是在國際網壇還是國內，他總是為了選手的權益和更好的網球環境，不斷貢獻自己的想法。 　　 我真的非常佩服，這麼多年來，彥勳展現出的勤奮、謙遜、自律和堅持。我相信，職業生涯的謝幕，將會是另一段美好旅程的開始。 　　 謝謝彥勳，更要表達深深的祝福！你提過想培育後進的心願，以及其他該做的事，我們一起努力。 　　 照片提供：體育署 　　 #台灣加油 #東京奧運 #TokyoOlympics翻譯年糕
蔡英文 Tsai Ing-wen,2021-07-24,31000,438,2902,https://m.facebook.com/story.php?story_fbid=10157609330681065&id=46251501064,早安！密切關注東京奧運賽事的同時，我要向大家報告全國疫苗接種的進度： 　　 截至目前為止，全國的疫苗接種累計已經超過634萬人次，#接種人口涵蓋率（至少打過一劑疫苗的人口比例）來到26.05%，#劑次人口比 則來到27.02%，都達成了原先設定七月底破25%的目標，比預期更早！ 　　 我要謝謝大家，踴躍登記意願，依序預約接種，保護自己也保護親友！接下來，我們會持續取得疫苗、持續進行接種，讓台灣社會的集體防護力不斷上升。 　　 全國疫情警戒即將在週二（7/27）調降為二級。降級不鬆懈，在家看奧運最安全，若要出門，也請記得嚴格落實 #戴口罩、#實聯制、#保持社交距離 等防疫措施喔！ 　　 #團結防疫守台灣翻譯年糕
蔡英文 Tsai Ing-wen,2021-07-24,98000,895,3227,https://m.facebook.com/story.php?story_fbid=10157608381356065&id=46251501064,東京奧運開幕後隔天，就有許多台灣好手上陣！今天大家精采的表現，讓我們目不暇給，感謝所有選手的努力！ 　　 其中，從早一路拚搏到晚的柔道賽事，緊湊而扣人心弦。我要再次恭喜 楊勇緯 Yang Yung Wei  勇奪男子60公斤級銀牌，也要對女子48公斤級 #林真豪 選手的拚戰精神表達敬意。 　　 我還要恭喜舉重好手 #方莞靈，第一次參加奧運，就在女子49公斤級的項目獲得第四名的好成績！這一刻，我們都和莞靈的媽媽一樣驕傲。 　　 今天不少選手順利晉級，包括桌球混雙搭檔 鄭怡靜 CHENG I-Ching 和 #林昀儒、鞍馬王子 李智凱 Chih Kai Lee、亞洲貓王 唐嘉鴻 Tang Chia Hung、划船好手 黃義婷HUANG Yi-Ting，都成功闖進下一關。羽球單打、雙打小組賽也持續進行中，全台灣都在幫 戴資穎/ Tai Tzu Ying、王子維 / Wang Tzu Wei、李洋/Lee Yang、王齊麟/Wang Chi Lin 及明天即將出賽的 #周天成 集氣中！ 　　 沒晉級的選手也請別氣餒，在奧運賽場上，每一場競技，都已經是力與美最頂尖的展現了。無論勝負如何，謝謝所有代表台灣登上奧運殿堂的選手們，大家都辛苦了！ 　　 ✅每日奧運賽程請鎖定我的LINE@：https://page.line.me/iing 　　 照片提供：體育署、TSNA攝影侯禕縉 　　 #台灣加油 #東京奧運 #TokyoOlympics翻譯年糕
蔡英文 Tsai Ing-wen,2021-07-24,270000,2488,7905,https://m.facebook.com/story.php?story_fbid=10157608204461065&id=46251501064,恭喜 楊勇緯 Yang Yung Wei  選手，締造了台灣歷史新紀錄！ 　　 參加柔道男子60公斤級項目的楊勇緯選手，今天從早上拚戰到傍晚，一路闖關，最後勇奪銀牌。這是本屆東京奧運台灣第一面獎牌，更是台灣柔道首度在奧運獲得獎牌！ 　　 剛才，我也撥了電話給勇緯，謝謝他的努力，期待他回國接受表揚！ 　　 我同時要恭喜金牌得主－日本的高藤直壽選手。在奧運殿堂上，台日選手精采過招，世界頂尖的競技，實在讓人感動！ 　　 照片提供：TSNA攝影侯禕縉 　　 #台灣加油 #東京奧運 #TokyoOlympics翻譯年糕
蔡英文 Tsai Ing-wen,2021-07-24,130000,952,5976,https://m.facebook.com/story.php?story_fbid=10157607860406065&id=46251501064,恭喜小戴 戴資穎/ Tai Tzu Ying 旗開得勝，保持好狀態，繼續加油！ 　　 今天也有許多國手陸續出賽中，我們一起在家收看轉播，全力應援吧！ 　　 🔺東京奧運轉播頻道： 無線電視：公共電視 有線電視：東森電視 線上收看：愛爾達體育、Hami Video 中華電信MOD：愛爾達體育頻道 　　 #台灣加油 #東京奧運 #TokyoOlympics翻譯年糕
蔡英文 Tsai Ing-wen,2021-07-23,30000,556,2454,https://m.facebook.com/story.php?story_fbid=10157607552906065&id=46251501064,台灣和日本是緊密連結的好鄰居，在困難的時候，我們都曾為彼此伸出援手。這次東京奧運，我們全力相挺！ 　　 雖然無法親臨現場，但是透過轉播，我們準備好關注每一場賽事，一起見證選手拿下好成績！ 　　 ありがとう！日本！東京オリンピック、一緒に頑張りましょう！ 　　 謝謝日本，東京奧運加油！ 　　 #東京奧運 #TokyoOlympics #台灣加油 #日本加油翻譯年糕
蔡英文 Tsai Ing-wen,2021-07-23,160000,1825,6183,https://m.facebook.com/story.php?story_fbid=10157606567491065&id=46251501064,"再怎麼大的考驗，也不會動搖體育的力量、奧運的價值。謝謝主辦國日本將一切化為可能。 　　 全世界正從疫情中努力復原，全世界體育選手展現強韌的意志，一同登上奧運殿堂，同場競技。不分國界，不分種族，都展現出人類存在的文明價值，以及對於和平、多元與團結的信念，真的讓人動容。 　　 同樣的，無論遭遇多大的挑戰，也不會阻擋台灣成為世界的一員。當盧彥勳 Yen-Hsun Rendy Lu、郭婞淳 KUO, Hsing-Chun 掌旗進場的那一刻，台灣站上了世界舞台，我們都同感驕傲。 　　 今天，台灣的划船和射箭好手已經出賽，划船好手 黃義婷HUANG Yi-Ting，以及射箭好手 #林佳恩、譚雅婷 Tan Ya-Ting、雷千瑩 LEI CHIEN YING、湯智鈞 Tang Chih Chun、#鄧宇成、魏均珩 WEI Chun-Heng 都拚盡全力爭取排名。 　　 明天，有更多國手即將登場，包括羽球、桌球、網球、舉重、游泳、體操、柔道、跆拳道、射箭、射擊、划船和自由車，我們精銳盡出！請大家持續鎖定轉播，一起為台灣選手加油！ 　　 照片提供：體育署 　　 #台灣加油 #東京奧運 #TokyoOlympics翻譯年糕"
蔡英文 Tsai Ing-wen,2021-07-23,39000,895,2935,https://m.facebook.com/story.php?story_fbid=10157606077236065&id=46251501064,待會就是東京奧運的開幕式。期盼本屆奧運順利成功，我也要邀請大家，一起來為台灣選手加油，也為主辦國日本加油！ 　　 讓我們一起努力！一緒に頑張りましょう！ 　　 #東京奧運 #TokyoOlympics #台灣加油 #日本加油翻譯年糕
蔡英文 Tsai Ing-wen,2021-07-23,35000,522,2893,https://m.facebook.com/story.php?story_fbid=10157605975046065&id=46251501064,7/27開始，全國將調降為 #二級警戒，但請大家一樣要落實防疫！ 　　 經過指揮中心專業評估、地方政府共同討論後，從下個星期二（7/27）開始，疫情三級警戒將調降至二級。指揮中心也已經公布最新的防疫指引。 　　 能夠調降為二級警戒，要謝謝兩個多月來，每一個人對防疫措施的配合。不過，我也要提醒大家：疫情隨時可能發生變化，許多國家都有過一時鬆懈後，疫情又快速爆發的慘痛經驗。再加上Delta變種病毒正在國際上快速傳播中，我們千萬不能輕忽。 　　 我還是要拜託大家，警戒降級，防疫不降！所有開放的場所、空間，請繼續維持 #戴口罩、#簡訊實聯制、#保持社交距離 等措施，也請幫忙提醒身邊的親朋好友。 　　 在逐漸找回日常生活節奏的同時，我們一定要繼續牢牢守住疫情防線，不要讓過去兩個多月的辛苦和努力白費了！ 　　 👉二級警戒防疫指引：https://reurl.cc/EneMDa 　　 #團結防疫守台灣翻譯年糕
蔡英文 Tsai Ing-wen,2021-07-22,67000,842,3859,https://m.facebook.com/story.php?story_fbid=10157604677171065&id=46251501064,明天就是東京奧運的開幕日，也是台灣選手開始出賽的日子！ 　　 從台灣時間早上8:00開始，射箭代表隊將先後展開女子、男子的個人排名賽，在早上9:20，划船好手 黃義婷HUANG Yi-Ting 也將參加女子單人雙槳預賽。 　　 這幾天，我們的選手也把握有限的練習時間，不管是在陸上還是水中，每一個項目的參賽選手，都努力熟悉場地，調整最佳狀態。在奧運殿堂上，每一項比賽都是最高的競技水準，也有隨之而來最巨大的競爭壓力。就讓我們預備好掌聲、加油聲，一起來幫台灣選手集氣吧！ 　　 透過 謝長廷 大使的臉書，以及代表團回傳的照片，我能感受到疫情下出征奧運的不容易。為了落實防疫，選手和教練們不能搭乘大眾運輸，沒辦法外出逛街，就連餐點也只能帶回房間享用。東京奧運的選手村，更規定只能在比賽前五天進駐，比賽後48小時內就得離開，這都壓縮了選手備戰的空間。 　　 但我相信，代表台灣的選手，一定會激發出最大的鬥志，展現出最強的拚勁，在奧運殿堂上留下最好的表現！台灣的選手們，加油！ 　　 🔺東京奧運轉播頻道： 無線電視：公共電視 有線電視：東森電視 線上收看：愛爾達體育、Hami Video 中華電信MOD：愛爾達體育頻道 　　 照片提供：中華奧運代表團團本部、TSNA攝影侯禕縉 　　 #台灣加油 #東京奧運 #TokyoOlympics翻譯年糕
蔡英文 Tsai Ing-wen,2021-07-22,51000,805,5527,https://m.facebook.com/story.php?story_fbid=10157604374001065&id=46251501064,"今天行政院宣布，已經完成追加購買3,600萬劑Moderna疫苗的簽約，預計在今年第四季、明年、後年分批供應。 　　 加上之前已採購、正陸續到貨中的505萬劑Moderna疫苗，我們總計購買了4,105萬劑Moderna疫苗。接下來，我也將持續緊盯出貨進度，確保台灣能夠不斷取得疫苗，滿足後續防疫的需求。 　　 另外，這幾天在颱風影響下，部分縣市暫停疫苗接種服務，但請已經預約的民眾放心，還是可以重新安排接種： 　　 ✅已經在預約系統上完成預約的民眾，如果因為颱風取消接種作業，系統將保留名額。在收到下一輪預約簡訊後，就可以再次進入系統預約接種。 　　 ✅透過醫療院所網路掛號或電話進行預約的民眾，則請依循醫療院所的公告或通知，重新安排接種。 　　 截至昨天為止，台灣的疫苗接種人口涵蓋率來到24.35％、劑次人口比則達到25.10％。我要再次謝謝每一位投入疫苗施打的醫護人員，也謝謝依序接種疫苗的大家。大規模的施打將會持續下去，我們繼續努力！ 　　 #團結防疫守台灣翻譯年糕"
蔡英文 Tsai Ing-wen,2021-07-21,39000,682,2893,https://m.facebook.com/story.php?story_fbid=10157603992106065&id=46251501064,中度颱風「烟花」的海上颱風警報已經發布，請大家做好防災準備！ 　　 根據中央氣象局發布的警報，烟花颱風將在明、後兩天（7/23-24）靠近台灣的東部、北部，並帶來強風和降雨。此外，今天（7/22）氣象局也發布了台中以北各縣市的豪雨、大雨特報。 　　 最近極端氣候下的強降雨，在許多國家造成嚴重傷害。我們關切慰問受災國家的同時，更不能輕忽自身的防災準備！請大家一定要密切注意官方發布的颱風動態，出門帶雨具，小心行車，避免前往海邊。住在山區或低窪地區的朋友，尤其要保持高度警戒。 　　 防疫和防颱，我們都要牢牢守住！ 　　 🔺中央氣象局颱風資訊：https://www.cwb.gov.tw/V8/C/翻譯年糕
蔡英文 Tsai Ing-wen,2021-07-21,39000,458,2860,https://m.facebook.com/story.php?story_fbid=10157602803926065&id=46251501064,東奧代表團的選手們，這幾天已經在東京積極備戰中。接下來，我們最重要的事情只有一件，就是全力支持台灣的選手。 　　 雖然因為疫情，我們無法到場加油，但我要請大家一起力挺台灣所有參賽的選手！ 　　 後勤上有做不好的地方，政府來承擔，並且會在最短時間內改進。我們除了深切檢討7/19已經出發的包機安排，對於後續分批出發前往東京的選手和教練，也確保都是搭乘商務艙。承諾過的事，我會要求政府團隊務必做到。 　　 另外，關於代表團的住宿，這次由於羽球、射擊、高爾夫、馬術等賽事的場地，距離選手村比較遠，為了避免交通上的疲勞，或是塞車等變數，後勤團隊提早實地前往考察，預定了比賽場地周邊的旅館。最重要的是 #這些旅館都符合大會防疫規範，能滿足保護選手健康的最優先考量，很多熱心專業的網友也幫忙澄清說明，我要表達感謝。 　　 這幾天，謝長廷 大使和駐日代表處的同仁們持續提供代表團協助。除了接機、探班打氣外，針對相對不方便的外宿地點，謝大使也指派三位祕書分別進駐。有些選手不習慣床墊太軟，就買新的。有些選手希望有空氣清淨機或循環扇，也立刻提供，一切以選手需求為優先。協助選手儘快適應環境、場地，就是提早進駐的原因。 　　 當外宿選手、教練們有飲食需求時，也由代表處協助蒐集菜單，代為訂購。在台灣的營養師團隊，則透過線上給予建議，確保選手們營養均衡，能以最好的狀態出賽，這些都是我們在疫情影響下的應變措施。 　　 因為疫情，這次東京奧運有嚴格的檢疫、防疫規定，#這也是今年奧運和往年最大的不同。許多先前早已擬定的計畫，也因為疫情及奧運延後，不得不應變調整，我要再次勉勵與督促全體參與的政府同仁，#我們一定要全力達成後勤任務。 　　 選手們除了訓練，大部分時間只能待在房間，減少接觸風險。選手忍受種種不便，都是為了爭取體育殿堂最高榮耀，也為了用成績鼓舞故鄉的我們。對於選手和教練們的努力，我們都應該要表達最深的感謝。 　　 #請把批評留給政府 #把掌聲帶給選手 　　 星期五奧運就要開幕了！此時此刻，後勤支援還需要加強的地方，政府相關單位都責無旁貸。也盼望大家共同為選手們集氣，選手和教練是奧運的主角，光環和掌聲，應該要屬於他們。 　　 #台灣加油 #東京奧運 #TokyoOlympics翻譯年糕
蔡英文 Tsai Ing-wen,2021-07-21,47000,716,7247,https://m.facebook.com/story.php?story_fbid=10157602418811065&id=46251501064,"在持續衝刺接種率的同時，我要跟大家報告兩個疫苗的進度： 　　 進度1️⃣：衛生福利部  已經核准國產 #高端疫苗 的專案製造，等指揮中心宣布施打規劃，民眾就可以登記意願、預約接種。 　　 我要再次強調，疫苗是科學問題，不是政治問題。我們依據法律和科學標準嚴格把關，只有安全有效的疫苗，才會允許製造、開放施打。請大家放心。 　　 進度2️⃣：政府已經和慈濟基金會完成捐贈BNT疫苗的合約簽署，謝謝台積電、鴻海/永齡基金會、慈濟基金會三個民間單位共同協力，合計將捐贈1,500萬劑BNT疫苗。 　　 接下來，1,500萬劑BNT疫苗將由 疾病管制署 - 1922防疫達人 併案申請緊急授權的專案輸入許可，也預計會將12到18歲的未成年人，納入使用對象的範圍內，讓 #年輕人也可以打疫苗。在程序完備、疫苗順利到貨後，疫苗將由中央統籌運用。 　　 隨著疫苗供應逐漸穩定，加上 #疫苗施打意願登記與預約系統 的啟用，這一陣子，施打疫苗的人次大幅成長。我們的疫苗接種率，預估能夠提前達到七月底25%的目標，繼續往更高的接種率來衝刺。 　　 我要感謝每一位依序登記、接種的台灣人，你們都對台灣的防疫帶來了貢獻！保護自己也保護親友，更可以增加社會集體的防護力，這就是接種疫苗最大的意義。就讓我們繼續努力，往更高的接種率來衝刺！ 　　 #團結防疫守台灣翻譯年糕"
蔡英文 Tsai Ing-wen,2021-07-20,69000,1066,6756,https://m.facebook.com/story.php?story_fbid=10157600242066065&id=46251501064,"重要外交突破：#駐立陶宛台灣代表處 即將成立！ 　　 上個月，立陶宛政府宣布捐贈2萬劑疫苗給台灣，立陶宛外交部長 Gabrielius Landsbergis 在推特上表示：「熱愛自由的人們就該互相照顧！」讓我們深深感受到民主夥伴彼此堅定相挺的力量。 　　 除了防疫，台灣和立陶宛也密切展開各面向的合作。現在，我們即將在立陶宛設立「駐立陶宛台灣代表處」（The Taiwanese Representative Office in Lithuania），立陶宛也計畫今年秋天在台灣設立辦事處，兩國的友好關係將更上一層樓。 　　 立陶宛是OECD（經濟合作暨發展組織）成員國，也是歐盟及北約成員國，在生技、衛星、資訊等領域，都有雄厚的產業技術實力，並擁有豐富森林及農牧資源，近年來更致力於推動金融科技創新。我相信立陶宛和台灣之間，在經貿、產業、科技等領域，都有更多互惠合作的空間。 　　 這次在立陶宛設處，是台灣繼2003年在斯洛伐克設處，相隔18年後再次在歐洲國家設立代表處。這是別具意義的重要外交成果，謝謝 外交部 Ministry of Foreign Affairs, ROC（Taiwan）  及第一線外交同仁積極努力，拓展了台灣和各國的實質合作。未來，我們會繼續走向世界，和更多民主夥伴攜手前行！翻譯年糕"
蔡英文 Tsai Ing-wen,2021-07-19,85000,1197,19000,https://m.facebook.com/story.php?story_fbid=10157598638901065&id=46251501064,今天我們的奧運代表團搭乘包機，已經抵達東京了。 　　 我本來以為，我可以再一次幫選手們好好打氣，預祝大家旗開得勝。沒想到，為了落實防疫、讓選手們獲得更充分照顧的包機，在座位分配上，卻沒有妥善安排。選手們不但無法和過去一樣搭乘商務艙，事先也沒有得到完整的資訊。 　　 我認為這樣實在不夠細心和貼心。讓代表台灣拚戰的選手們感受不佳，我非常遺憾。 　　 我曾經承諾過，參加重要國際賽事的選手和教練，要以搭乘商務艙為原則。對於因為防疫需求，改變了做法，卻又沒有事先充分說明的情況，我必須要表達歉意。 　　 我要再講一次：接下來，請代表團的行政和後勤團隊，盡最大努力安排選手、教練搭乘商務艙。若真的因為防疫因素無法安排，也請事先充分溝通說明，取得共識。選手們為了國家，背負著壓力和防疫要求參加奧運，多一分細心和貼心，這是我們應該做的。翻譯年糕
蔡英文 Tsai Ing-wen,2021-07-17,28000,280,7935,https://m.facebook.com/story.php?story_fbid=10157594558921065&id=46251501064,疫苗陸續抵達後，更要一起力拚疫苗接種，快速增加覆蓋率！ 　　 在 #疫苗施打意願登記與預約系統 開放第三輪登記後，現在18歲以上的民眾，都可以上1922網站進行意願登記，依序等待預約、完成接種。而接種的場地、動線、流程，在縣市政府及醫護人員的積極努力下，也都已經非常順暢。請點開影片，看看 林智堅 市長和 #防疫新竹隊 的工作成果，就知道這一切是多麼有效率！ 　　 請大家告訴大家，接種疫苗是「全民運動」，能夠保護自己，更能保護家人、保護朋友、保護社會，這是台灣集體對抗病毒最關鍵的一個策略。還沒登記的朋友，快來登記吧！ 　　 👉來我的頻道看更多，也記得訂閱：https://youtu.be/SU3Vfs98jGw 　　 #團結防疫守台灣翻譯年糕
蔡英文 Tsai Ing-wen,2021-07-16,71000,971,5358,https://m.facebook.com/story.php?story_fbid=10157594379901065&id=46251501064,Ďakujem !（斯洛伐克語「謝謝」） 　　 民主國家互相支持，共同創造國際的良善循環！ 　　 在美國、日本及立陶宛之後，斯洛伐克也宣布將捐贈1萬劑疫苗給台灣，我要向斯洛伐克總統查普托娃（Zuzana Čaputová）和政府，表達最深的感謝。 　　 許多歷經民主轉型的中歐、東歐國家，包括斯洛伐克，以及之前的立陶宛，都和台灣同樣歷經追求民主自由的過程，也因此和我們同樣捍衛民主價值，並且對於台灣的處境，更能感同身受。 　　 斯洛伐克經濟部次長Karol Galek表示：「當斯洛伐克經歷嚴重疫情的時候，台灣站在我們身旁，捐贈了70萬片口罩。現在輪到我們來協助台灣了。」 　　 今年五月，斯洛伐克的國會外交委員會，也表決通過支持台灣參與世界衛生大會的（WHA）決議案。台灣和斯洛伐克是經貿上的夥伴，近年來雙方在科技及文化等領域，也都陸續開展了多面向的合作。 　　 再次感謝所有共享民主信念的國際夥伴們，只要我們繼續互相支持，就一定能夠共同克服疫情的挑戰！翻譯年糕
蔡英文 Tsai Ing-wen,2021-07-16,49000,635,5050,https://m.facebook.com/story.php?story_fbid=10157593114891065&id=46251501064,今天是第九類、第十類民眾，透過唐鳳政委主導的 #疫苗施打意願登記與預約系統 開始接種疫苗的第一天。我來到新竹市體育館，實地了解施打的情況，也跟許多民眾隔空揮手打招呼。 　　 在寬敞明亮的空間中，前來打疫苗的市民朋友，還沒走進場館，就有工作人員迅速引導。整個接種流程作業井然有序，相當順暢。林智堅 市長告訴我，新竹市政府全體總動員，再加上醫護人員及支援的志工朋友，一起力拚「123全民運動」：呼籲民眾「1」定要來施打，從報到到施打，加上休息觀察，只要短短的「23」分鐘，就能守護自己的健康，也守護台灣。 　　 我也很肯定，新竹市不僅是全國防疫模範生，在65歲到74歲長者的接種率超過8成，更是全國第一。#防疫新竹隊 的用心和效率，真的讓人印象深刻。 　　 到目前為止，台灣累計已取得超過890萬劑疫苗，正式進入 #全民大規模施打 的階段。今天 柯建銘 總召也一起來呼籲，接種疫苗是全民運動，請18歲以上的朋友們，一起登記，一起接種，就是一起 #團結防疫守台灣！ 　　 ➡疫苗施打意願登記與預約系統：https://1922.gov.tw/翻譯年糕
蔡英文 Tsai Ing-wen,2021-07-16,15000,517,4608,https://m.facebook.com/story.php?story_fbid=1026182951252584&id=46251501064,大家午安！今天是第九、第十類民眾透過預約登記系統，開始施打疫苗的第一天。我和林智堅市長正在新竹市立體育場實地了解疫苗施打的情形，請大家一起加入直播！翻譯年糕
蔡英文 Tsai Ing-wen,2021-07-16,31000,387,2358,https://m.facebook.com/story.php?story_fbid=10157592255091065&id=46251501064,大家午安！今天起，第九、第十類民眾透過預約登記系統，開始接種疫苗。稍後我將到新竹市，由 林智堅 市長陪同，實地了解疫苗施打的情形，請大家一起加入直播！ #團結防疫守台灣翻譯年糕
蔡英文 Tsai Ing-wen,2021-07-15,80000,1100,7978,https://m.facebook.com/story.php?story_fbid=10157590866706065&id=46251501064,三架飛機同一天抵達，友情的疫苗、外購的疫苗，都到台灣了！ 　　 今天下午，一共有三批疫苗先後抵達。一批是日本政府提供的97萬劑AZ疫苗，另兩批是我們訂購的56萬劑AZ疫苗及35萬劑Moderna疫苗。看到一箱又一箱疫苗從飛機上卸貨，確實讓人振奮！ 　　 我要再次感謝日本各界的協助、外交團隊在第一線的打拚，以及這段時間以來，所有每天緊盯外購疫苗進度、不斷催促供貨的政府同仁。因為大家共同的努力，目前台灣取得的疫苗已經累計超過890萬劑了，將能讓我們的 #大規模施打 持續進行下去。 　　 最重要的是，打疫苗必須成為「全民運動」，才能儘早提升台灣社會集體的防護力。還沒有做意願登記的朋友，記得趕緊登記了！ 　　 ➡疫苗施打意願登記與預約系統：https://1922.gov.tw/ 　　 #友情のワクチン #團結防疫守台灣翻譯年糕
蔡英文 Tsai Ing-wen,2021-07-15,38000,789,4574,https://m.facebook.com/story.php?story_fbid=10157590640001065&id=46251501064,第三輪的疫苗施打意願登記，今天（7/15）下午五點截止，請把握機會！ 　　 這一輪的 #意願登記，我們已經開放到18歲至49歲的民眾。截至今天中午為止，這個年齡層也已經累計達453萬人登記。謝謝大家踴躍表達了意願，也展現台灣力拚病毒的決心！ 　　 今天下午五點後，第三輪意願登記將會進行結算，並在明天（7/16）起陸續發送簡訊。收到簡訊的朋友，就可以進一步 #預約接種。 　　 疫苗陸續到貨後，台灣要拚的，就是施打的速度和總量。為了全國集體的保護力，請還沒有做意願登記的朋友，把握時間，趕快登記，18歲以上都可以登記！ 　　 👉疫苗施打意願登記與預約系統：https://1922.gov.tw/ 　　 #團結防疫守台灣翻譯年糕
蔡英文 Tsai Ing-wen,2021-07-13,52000,727,8150,https://m.facebook.com/story.php?story_fbid=10157588890361065&id=46251501064,醫護人員辛苦了，謝謝你們的付出！ 　　 昨天，我透過視訊，參與了 醫師公會全聯會  主辦的因應疫情應變會議。這段時間以來，醫護人員不但堅守住第一線的崗位，也透過每週的疫情應變會議，持續提供政府在防疫政策上的協助，因為有醫護人員的努力，台灣的疫情，才能夠逐步獲得控制。 　　 醫護人員辛苦的付出，令人感佩。看到有人在網路上中傷他們，增加他們的壓力，我深深不以為然。我要拜託大家，一起來給醫護人員更多的鼓勵和支持。 　　 在接種疫苗時，請向醫護人員說聲謝謝。到醫院診所求診時，也請向醫護人員說聲謝謝，我也要感謝醫護人員的家人，謝謝你們的默默支持和守護。 　　 現在，如何提升全國疫苗施打覆蓋率，減輕醫護人員的負擔，是最關鍵的工作，也需要民眾的協助配合。我要再一次拜託大家，請踴躍登記疫苗施打意願，一起為防疫工作盡一分心力。 　　 👉疫苗施打意願登記與預約系統：https://1922.gov.tw/ 　　 #團結防疫守台灣翻譯年糕
蔡英文 Tsai Ing-wen,2021-07-13,83000,1135,5531,https://m.facebook.com/story.php?story_fbid=10157587659376065&id=46251501064,今年度的APEC領袖代表，再次邀請台積電張忠謀創辦人擔任！ 　　 謝謝Morris，他不僅在國內外廣受推崇，一手打造的台積電，也成為台灣在國際上最具代表性的企業之一。過去幾年來，Morris代表我參加APEC會議，對於區域經貿和產業發展，都提出獨到的見解，今年，我們也將借重他的經驗，促進更多的國際交流。 　　 今年度的APEC領袖會議，輪到紐西蘭主辦，主題是「攜手協作，共同成長」。在11月的會議召開前，7月16日也將加開一場線上的「非正式領袖閉門會議」，針對因應疫情危機、加速經濟復甦的重要課題進行討論。我請Morris在這週即將舉行的會議中，提出兩項主張： 　　 1️⃣APEC組織應就成員體各國公平、迅速取得疫苗，做更多的努力。相互協助，讓疫苗供應更加快速穩定，才能有效控制疫情，並有助於復甦經濟。 　　 2️⃣面對疫後時代的挑戰，APEC成員國應該攜手合作，秉持自由貿易的精神和原則，對全球復甦做出貢獻。積極投資未來，打造有韌性的治理模式，是每一個民主國家努力的目標。 　　 APEC是台灣參與國際的重要平台，我們有意願也有能力，與各國共同努力。今年的任務，就拜託Morris了！翻譯年糕
蔡英文 Tsai Ing-wen,2021-07-13,49000,925,7145,https://m.facebook.com/story.php?story_fbid=10157587504731065&id=46251501064,謝謝日本提供疫苗，我們也持續擴大接種對象中，請大家一起踴躍登記！ 　　 今天早上，日本政府再次宣布，將提供台灣第三批 #AZ疫苗，加上前兩批，總計將超過330萬劑。對於日本接連展現出 #台日友好 並互相扶持的心意，我要再次表達最深的感謝。 　　 隨著台灣取得的疫苗增加，我們也持續擴大接種對象，加速大規模的有序施打。從今天起，18歲以上的民眾，也可以進行疫苗接種意願登記。請大家踴躍登記，並在收到通知後完成預約。提升接種率，就是在提升台灣集體的防護力。 　　 因為登記踴躍，今天早上 #疫苗施打意願登記與預約接種系統 一度當機，但下午已恢復穩定。我也要提醒大家：#意願登記的序號跟施打順序無關。這一輪的登記時間，到7/15（四）下午5點為止，三天內都可以登記。早登記，晚登記，通通都是有登記，只要完成後，就可以等待簡訊通知，再去預約。 　　 越多人接種疫苗，越能減輕醫療體系的壓力。請大家在感謝和支持醫護人員的同時，別忘了要登記喔！ 　　 ➡️疫苗施打意願登記與預約系統：https://1922.gov.tw/ 　　 #友情のワクチン #團結防疫守台灣翻譯年糕
蔡英文 Tsai Ing-wen,2021-07-12,47000,1030,6748,https://m.facebook.com/story.php?story_fbid=10157585958746065&id=46251501064,今天是7月12日，今晚想跟大家談一下 #伍克振 將軍的故事。 　　 時間回到1980年代的台灣，當時，國軍在美國技術移轉下，展開新一代主力戰機的研發。這是中華民國空軍建軍史上最大規模的自製武器開發計畫，代號 #鷹揚計畫。成果就是1988年出廠、1989年首飛的 #IDF經國號戰機。 　　 為了研發這架主力戰機，空軍、空軍航發中心（漢翔公司前身）和中科院，都投入了最頂尖的人才。同時，也因為這是一架超音速戰機，需要有經驗最豐富、技巧最高超的飛官，來擔任第一批的試飛員。空軍官校54期畢業的伍克振上校，於是奉命出任試飛組的副組長。 　　 1991年7月12日，伍克振副組長親自駕駛編號10002的原型機，從台中清泉崗基地起飛，進行低空高速安定性試飛，希望找出戰機在穿音速時，機體發生不明震顫現象的原因。這也是10002原型機第199次試飛。 　　 當戰機加速到一馬赫時，戰機突然發生劇烈抖動，甚至讓右水平尾翼解體斷裂。但為了爭取讀取飛航參數的時間，伍克振副組長繼續勉力操控飛機。最後10002原型機飛入海面，他則在跳傘時不幸殉職。 　　 事故發生後，伍克振副組長被追晉為少將。因為他堅持到最後一刻的努力，讓研發團隊可以透過戰機回傳的數據和後續不斷的嘗試，解決了震顫現象，IDF經國號戰機終於能夠順利量產。 　　 一直到今天，在漢翔公司沙鹿廠區大門前，依然矗立著伍克振少將的銅像，每一架經國號戰機出廠時，都會先來到銅像前，讓伍克振少將檢視，向這位奉獻生命的試飛官致敬。 　　 去年，在新式高教機 #勇鷹 首飛典禮後，我也來到伍克振少將的銅像前，向他獻花致敬。沒有當年勇於駛向未知的前人，就沒有今日國機國造的成果。這股不畏艱難、奮勇向前的精神，如今我們傳承下來了。 　　 7月12日這一天，我們緬懷伍克振少將的事蹟，也要一起向投入國機國造的團隊、日夜守衛空域的空軍弟兄姊妹們致謝。是因為這麼多人的付出，和平與繁榮才因此成為台灣的日常。翻譯年糕
蔡英文 Tsai Ing-wen,2021-07-12,61000,1701,25000,https://m.facebook.com/story.php?story_fbid=10157585672706065&id=46251501064,"持續爭取更多疫苗，是這段時間我最優先的工作，謝謝各方的努力！ 　　 今天行政院宣布，台積電、鴻海/永齡基金會合計採購1,000萬劑BNT疫苗的專案，已經完成採購契約和捐贈契約的簽署。將會在取得疫苗後，捐贈給政府調度使用。 　　 我要謝謝過程中各方的努力，讓專案能順利推動，也要肯定行政院、中央流行疫情指揮中心，以及政府法律團隊，在談判過程中，夜以繼日協助捐贈單位，迅速完備複雜繁瑣的法律程序。經過政府和民間共同努力，這次疫苗採購捐贈專案，符合 #原廠製造、#原廠標籤、#直送台灣 三個原則，並能夠捍衛國人健康安全的各項權益。 　　 另外，我們也已經展開下一批疫苗洽購的工作，預計在明年、後年各追加購買1,500萬劑Moderna次世代疫苗，以因應往後可能的需求。 　　 再次謝謝台積電、鴻海/永齡基金會及行政團隊同仁的攜手努力！ 　　 #團結防疫守台灣翻譯年糕"
蔡英文 Tsai Ing-wen,2021-07-12,39000,611,4180,https://m.facebook.com/story.php?story_fbid=10157585459051065&id=46251501064,#東京奧運 即將在7/23開幕，一起為「黃金世代」的台灣英雄們集氣！ 　　 今天我來到高雄的 國家運動訓練中心 National Sports Training Center，為東奧代表團授旗。就在下週，代表團即將包機飛往日本，在最高的體育殿堂中，為台灣爭取最大的榮耀。 　　 這次東京奧運，在疫情挑戰下，最後終於排除萬難舉行。主辦國日本展現出堅強的意志，令人感佩，我們都期待並祝福奧運圓滿順利。包括台灣在內，所有參賽國的團隊，也都為了這場全球矚目的運動盛事，一起做了周延的準備。 　　 今天的授旗，為了確保防疫、避免群聚，大部分的選手和教練都是透過視訊參與。即使隔著螢幕，我還是能感受到大家高昂的士氣，許多人更是在場館中積極備戰，把握訓練的空檔來連線。 　　 我們都希望，這是一次展現人類對抗病毒決心、激發集體鬥志的奧運。66位代表台灣的選手們加油，奧運期間，我們會鎖定轉播，隨時準備好為你們的表現喝采！ 　　 #台灣加油 #感動讓我們團結在一起 #TokyoOlympics #UnitedByEmotion翻譯年糕
蔡英文 Tsai Ing-wen,2021-07-11,37000,858,7222,https://m.facebook.com/story.php?story_fbid=10157584128801065&id=46251501064,最近已經有很多長輩陸續接種疫苗，也請大家幫忙父母注意接種順序。如果符合資格還沒有施打，可以盡快登記，越早打，越安心！ 　　 上週 #疫苗施打意願登記與預約接種系統 推出後，今天起開放下列兩種身分者登記施打意願： 　　 ✅50歲以上民眾 ✅18歲以上第9類民眾 　　 意願登記時間到明天下午5時為止，將進行第一輪結算。預計在7月13至15日，符合資格的民眾，會陸續收到1922發送的通知預約簡訊，才能進行後續預約，並且預計最快在7月16日開始接種，未來三週均是AZ疫苗。 　　 近來疫情雖然逐漸趨緩，我要提醒大家依然不能鬆懈，也請符合接種資格的民眾踴躍登記，儘早施打，提升國人接種率，要靠大家一起來努力！防疫最後一哩路，我們一起加油！ 　　 ➡️疫苗施打意願登記與預約系統：https://1922.gov.tw/  ➡️詳細資訊請看：https://reurl.cc/R0RQje 　　 #團結防疫守台灣翻譯年糕
蔡英文 Tsai Ing-wen,2021-07-09,95000,1343,7231,https://m.facebook.com/story.php?story_fbid=10157581697731065&id=46251501064,美國在台協會 AIT 的酈英傑（Brent Christensen）處長即將卸任離開台灣了，昨天我邀請他來家裡坐坐，再次當面謝謝他在任內的貢獻。此外我也仔細閱讀了酈英傑處長給台灣人民的道別信。 　　 正如酈英傑處長所說的，緣分讓他一次又一次不斷地回到台灣。「緣分」這個詞不容易翻成英文，但是用我們台灣話來說「有緣鬥陣」，確實就是這個「緣」，讓酈英傑處長一再與我們相聚。酈英傑處長19歲第一次來到台灣，此後三度以外交官身分派駐台灣，我想，酈英傑處長和台灣之間，應該是因緣俱足。 　　 台灣除了有酈英傑處長心心念念的芒果冰、Für Elise和茉莉花香，我們的山與海也充滿他的回憶。酈英傑處長爬過阿里山，到過福隆的海岸淨灘，下一次，台灣人依然會期待與「野生酈英傑」不期而遇。 　　 就像酈英傑處長與台灣長達40年的緣分一樣，如今台美關係是最好的時刻，而這是許多人一同辛勤耕耘的結果。一個簡單的微笑，幾次友善的互助，最終都能成就台美間濃密如綠蔭的友誼。民主國度之間，不僅價值理念相同，人情味也必定可以相通。 　　 我要給酈英傑處長和家人深深的祝福，台灣永遠不會離開你們，有閒回來走走時，我們再來去找棵大樹下，吃碗冰，品味台灣美好風光。 　　 ➡️酈英傑處長的道別信：https://reurl.cc/eEQ8r7翻譯年糕
蔡英文 Tsai Ing-wen,2021-07-08,100000,1775,6918,https://m.facebook.com/story.php?story_fbid=10157580116306065&id=46251501064,清淤破紀錄，感謝辛苦的水利人員和國軍！ 　　 國家有需要的時候，#國軍一定會出現，這是國軍的責任，也是使命。面對台灣百年大旱，我們多管齊下，作戰了一整年，除了 經濟部 水利同仁積極執行新增抗旱水源、省水措施等工作，我也下令國軍官兵協助清淤工作。 　　 在水庫現場，我們的陸軍六、八、十軍團工兵群，以及工兵訓練中心的弟兄姊妹，帶著裝備、機具投入任務，在河道裡穿梭。在高峰時，一天甚至載運淤沙將近四十趟，即使汗水浸溼全身，依然戮力執行任務。 　　 從去年6月開始到今年5月為止，全國水庫總清淤量已經破紀錄，達到1650萬立方公尺，等於超過三座寶山水庫的容量，讓台灣未來降雨時可以存下更多水。我除了要感謝所有投入的水利人員和國軍弟兄姊妹，也希望大家一起珍惜水資源，讓環境更永續。翻譯年糕
蔡英文 Tsai Ing-wen,2021-07-08,50000,847,7533,https://m.facebook.com/story.php?story_fbid=10157579031261065&id=46251501064,日本政府提供的第二批113萬劑AZ疫苗，下午已經抵達了。再次謝謝日本的友情支持，我們會持續加速疫苗接種，提升台灣的集體防護力。 　　 今天另一個重要消息是，指揮中心已經宣布，三級警戒將會再延長到7/26，但從下週二（7/13）開始，則會有條件適度鬆綁部分措施。 　　 我想跟大家說，我們必須戰戰兢兢面對難纏的病毒，在每天還是有些不明感染源的案例下，還需要更多時間來達到降級的條件。 　　 不過，我也清楚，長時間、高強度的警戒，容易產生對防疫的疲乏。許多做生意的小商家，生計更是會受到影響。如果疫情已經趨緩，也該在符合防疫要求下做適當的調整。因此這一次，我們開始以 #分批逐步的方式，嘗試做出 #適度的鬆綁。 　　 所有鬆綁的場所，都將是 #有條件鬆綁，也必須繼續遵守實聯制、出入口管制、人流管控降載等措施。出入場所的消費者，則必須維持社交距離，除飮食外全程戴口罩。 　　 克服疫情挑戰，是我們全國上下一致的目標。這個時候 #少爭吵多合作，讓我們繼續團結配合指引，在生活的便利和防疫的周全當中，一起找到新的平衡！ 　　 ➡鬆綁措施的說明請見：https://reurl.cc/9rWn5n 　　 #友情のワクチン #團結防疫守台灣翻譯年糕
蔡英文 Tsai Ing-wen,2021-07-07,61000,1357,9684,https://m.facebook.com/story.php?story_fbid=10157576466646065&id=46251501064,打疫苗不會造成基因突變，該打的時候就去打！ 　　 今天下午，最新一批政府購買的62.6萬劑AZ疫苗已經抵達。隨著疫苗的供應逐漸穩定，現在各縣市都在全力施打疫苗，過程中也持續根據民眾的需求，及時做出修正。所有參與第一線施打工作的同仁都辛苦了。 　　 但令人遺憾的是，不論是AZ還是Moderna，都遇到層出不窮的假訊息。就連「打疫苗會造成基因突變」這樣的謠言，即使指揮中心和專家學者再三強調「疫苗不會改變基因」，也還是繼續擴散。 　　 假訊息的目的只有一個，就是為了打擊民眾對指揮中心的信任，讓疫苗無法順利施打，讓台灣無法達到集體的防護力。所以我要再次拜託大家：如果在生活中，有看到、聽到可疑的訊息，請透過 #疾管家 LINE＠官方帳號查證，並幫忙澄清說明，這樣防疫工作才能更順利。 　　 最後，請一定要鼓勵家人朋友，踴躍施打疫苗！越多人施打，我們就離恢復正常生活越近！ 　　 #團結防疫守台灣翻譯年糕
蔡英文 Tsai Ing-wen,2021-07-06,67000,1041,9549,https://m.facebook.com/story.php?story_fbid=10157574815121065&id=46251501064,今天我要跟大家報告 #疫苗供應 及 #疫苗施打 的新進展： 　　 1️⃣疫苗供應新進展：我們訂購的AZ疫苗，明天將到貨62萬劑。第二批日本提供的疫苗，後天則將有113萬劑送達。 　　 加上這兩批疫苗後，台灣將累計取得超過700萬劑疫苗。接下來，我們會緊盯進度，讓已訂購但延遲到貨的疫苗能陸續送達，更會繼續洽購更多疫苗。鴻海/永齡基金會、台積電希望洽購BNT疫苗捐贈政府的工作，也都在積極進行中。 　　 2️⃣疫苗施打新進展：疫苗供給逐漸穩定後，我們已開始擴大施打的作業，由唐鳳政委主導規劃的 #疫苗意願登記與預約接種系統，今天宣布後，已經在澎湖、金門、馬祖開始試辦。 　　 請大家留意後續資訊，依序做意願登記。登記完後，待收到1922的簡訊通知，確定符合資格後，就可以進行預約接種。不只是透過網路，我們也會比照口罩預約的模式，提供藥局、超商、衛生所等管道，來協助大家做預約接種的登記。 　　 隨著疫苗陸續到貨，施打的年齡會持續降低，規模也會越來越大。我們希望透過大家最熟悉、也最便利的系統及管道，讓施打更有序、更順利。希望在七月底前，就能把台灣的疫苗接種率，從現在的10%，提高到20%-25%，達到在防疫上有意義的程度。 　　 我要再次拜託大家，有注射有保護，每一款都可以！施打疫苗的人數越多，台灣離群體免疫的目標就越近，醫療系統的負荷也會減輕，大家才能夠放心回到正常生活。我們一起來努力！ 　　 👉疫苗意願登記與預約接種系統：https://1922.gov.tw 👉懶人包看這邊：https://reurl.cc/nolAG2 　　 #團結防疫守台灣翻譯年糕
蔡英文 Tsai Ing-wen,2021-07-06,13000,411,5118,https://m.facebook.com/story.php?story_fbid=224288769544576&id=46251501064,大家好，我正在總統府內針對防疫工作與疫苗進度發表談話。請大家一起加入直播並分享！翻譯年糕
蔡英文 Tsai Ing-wen,2021-07-06,26000,295,2774,https://m.facebook.com/story.php?story_fbid=10157574603696065&id=46251501064,大家午安，稍後五點，我將在總統府內，針對防疫工作與疫苗進度發表談話。請大家一起線上收看並分享！翻譯年糕
蔡英文 Tsai Ing-wen,2021-07-06,79000,1630,9086,https://m.facebook.com/story.php?story_fbid=10157574450061065&id=46251501064,今天是 達賴喇嘛 尊者86歲壽誕，對於疫情肆虐全球，尊者說：「這次的危機告訴我們，即便我們分開生活，我們也無法遠離彼此。因此，我們所有人都有責任去實踐慈悲和協助他人。」他鼓勵大家互相幫助，克服疫情的挑戰。感謝尊者分享智慧，祝福壽誕快樂。翻譯年糕
蔡英文 Tsai Ing-wen,2021-07-05,81000,1437,6018,https://m.facebook.com/story.php?story_fbid=10157574341676065&id=46251501064,再次謝謝日本政府及時提供113萬劑疫苗，預計7/8抵達！ 　　 繼上次的124萬劑AZ疫苗，感謝日本再次提供疫苗，成為我們對抗疫情最堅實的力量。我們會用最快的速度封緘、配發、施打，讓更多台灣人，因為這份 #友情のワクチン 而降低染疫風險。 　　 東京奧運開幕在即，東奧的舉行，不僅代表世界在疫情中依然積極用運動競技促進友誼與和平，更象徵人類共同對抗病毒的決心。 　　 台灣選手會做最好的準備，也非常期待前往日本一同參加競技，共同讓疫情中展開的東京奧運更加精彩，振奮全世界的人們，一起走出疫情陰霾。東奧加油！台灣加油！ 　　 #台日友好 #團結防疫守台灣翻譯年糕
蔡英文 Tsai Ing-wen,2021-07-02,45000,871,13000,https://m.facebook.com/story.php?story_fbid=10157568114026065&id=46251501064,台北市環南市場在PCR檢測中發現41起陽性案例，這是當前需要關注的疫情熱區，中央也正全力支援！ 　　 指揮中心已經和台北市政府成立 #聯合前進指揮所，由王必勝醫師和市府共同帶領防疫醫師、疫調人員進駐環南市場。今天早上，除了陳時中指揮官前往現場了解情況，行政院農業委員會 和 經濟部 等相關部會也共同協助應變。目前，市府已經宣布環南市場休市三天，聯合前進指揮所將在明天（7/3）前完成以下五項工作： 　　 1️⃣設置環南市場篩檢站，協助周邊受匡列攤販進行PCR檢測。 　　 2️⃣今天發布疫情警示簡訊，提醒6/8起曾在環南市場活動人員注意。 　　 3️⃣今天完成確診者的疫調。 　　 4️⃣明天完成密切接觸者隔離，並安排採檢。 　　 5️⃣持續匡列風險區域人員，定期安排採檢。 　　 在守住環南市場這波疫情前，我們不能有任何鬆懈！病毒是共同的敵人，指揮中心會密切支援台北市政府落實防疫工作，相關部會則會確保農產品及民生物資的穩定供應。農委會 陳吉仲 主委也說明，在環南市場及鄰近的台北第一家禽批發市場休市期間，已協調調度交易和屠宰，將由鄰近區域及中南部的量能，共同供應大台北地區。 　　 謝謝所有在前線、後勤崗位支援的同仁。大家都在同一條船上，病毒的侵襲不分你我，防堵疫情更不能分你我，最重要的是共同面對問題，我們一起努力。 　　 #團結防疫守台灣翻譯年糕
蔡英文 Tsai Ing-wen,2021-07-01,41000,1011,9356,https://m.facebook.com/story.php?story_fbid=10157566561041065&id=46251501064,面對國際上來勢洶洶的Delta變種病毒，我們注意到大家的擔憂，也參考了各界的建議，強化入境檢疫措施，從7月2日起，入境者一律篩檢2+1次！ 　　 1️⃣入境全篩：入境者全部都要做PCR檢測。其中，高風險七國（巴西、印度、英國、秘魯、以色列、印尼、孟加拉）的入境者，安排在集中檢疫所採檢。其他國家的入境者，則在機場採檢。 　　 2️⃣一律隔離：為了避免居家隔離不慎造成破口，高風險七國的入境者將安排入住集中檢疫所，其他國家的入境者，則可以選擇住在防疫旅館，或自費入住集中檢疫所。 　　 3️⃣期中快篩：14天的隔離檢疫期間，在第10天到第12天時，將以「家用快篩」採檢一次。 　　 4️⃣期滿再篩：隔離檢疫期滿前，再做一次PCR檢測。 　　 以上 #兩次PCR檢測 加上 #一次快篩，如果發現確診案例，所有確診者的陽性病毒，都會送到實驗室進行基因定序，在最短時間內辨識是否為變種病毒。 　　 三級警戒以來，因為全國的付出，國內疫情逐漸受到控制。也因此，我們在國境管制上更要小心戒備，才能守住現有的疫情防線。我要謝謝大家的關注和提醒，也請所有要入境的朋友，辛苦一下，一起配合檢疫措施，保護自己，也保護台灣。 　　 #團結防疫守台灣翻譯年糕
蔡英文 Tsai Ing-wen,2021-06-30,35000,1101,6455,https://m.facebook.com/story.php?story_fbid=10157566121376065&id=46251501064,七月到了，除了要持續落實防疫外，政府也有兩大類重要的措施如期上路，我要向關心育兒和房價的大家報告： 　　 重點1️⃣：育兒新制上路！ 　　 ✅為了支持準媽媽，我們把 #孕婦產檢補助 的次數，從10次調高成14次，產檢假也將修法從5天增加為7天。 　　 ✅為了創造更友善的育兒環境，我們把 #育嬰留職停薪 的津貼，從六成薪提高到八成薪。 　　 ✅我們擴大了 #不孕症試管嬰兒補助，一般民眾第一次最高補助10萬元，後續每次最多補助6萬元，希望幫助到想生小孩的夫妻。 　　 重點2️⃣：居住正義新制上路！ 　　 ✅按照 #房地合一稅 2.0的規定，2016年後取得的房地、預售屋及特定股權交易，若在持有2年內出售，將會課45%稅率。持有超過2年、未滿5年內出售，則會課35%稅率。這是為了抑制短期的投機炒房。 　　 ✅按照 #實價登錄 2.0的規定，房屋成交案件的地號和門牌要完整揭露，預售屋的定型化契約要納管，紅單交易也要納管並禁止轉售。這也是為了避免炒作，保障消費者的權益。 　　 更多細部資訊，也請持續鎖定 衛生福利部、勞動部、內政部 和 財政部 的說明喔！翻譯年糕
蔡英文 Tsai Ing-wen,2021-06-30,64000,951,9454,https://m.facebook.com/story.php?story_fbid=10157564591876065&id=46251501064,新一批政府購買的41萬劑Moderna疫苗已經到貨，現在最重要的是 #持續施打疫苗！ 　　 今天抵達的疫苗，只是我們外購疫苗的一部分。目前，我們從各個管道取得的疫苗，累計已經超過526萬劑。接下來的七月、八月，隨著日本將提供第二批AZ疫苗，以及國際供貨逐漸穩定，還會有更多疫苗抵達。 　　 疫苗是對抗疫情的重要武器，所以，我們必須加速、擴大疫苗施打。我已經指示行政院和指揮中心，務必要規劃好七、八月的施打進程，一定要跟各縣市加速溝通協調，做好各項準備工作。 　　 只有加速、擴大疫苗施打，才能升級防疫網，提升群體免疫的能力。所以我要拜託大家：如果家中有人符合疫苗接種優先順位，請把握機會，盡快施打。打疫苗，不但能保護自己、保護家人，也是在為全台灣的防疫工作盡一分心力。 　　 #團結防疫守台灣翻譯年糕
蔡英文 Tsai Ing-wen,2021-06-29,59000,1253,9165,https://m.facebook.com/story.php?story_fbid=10157562978381065&id=46251501064,跟大家報告一個重要的消息：台美 #貿易暨投資架構協定（TIFA），在睽違5年之後，明天就要召開會談了。 　　 這是台灣對外貿易非常重要的一大步。過去幾年來，我們全力推動經濟結構轉型，也展現解決困難貿易問題、走向世界的決心，台美雙方都認為，現在，就是 #TIFA 向前邁進的時刻。 　　 TIFA是台美經貿機制化對話與協商的平台，有了這個平台的啟動，才能系統性的進行經貿對話，以及處理雙邊的經貿議題，因此，TIFA對未來台美經貿關係的深化，有高度的重要性。我們在TIFA討論的任何實質議題，都是在為建構更堅實的台美經貿夥伴關係奠定基礎。 　　 在TIFA會談中，我們會將台美雙邊貿易的議題，做一個總整理。把過去累積的議題、以及當前因應國際新局勢的貿易議題，逐一拿出來討論，共同建構起台美雙方處理相關議題的架構、原則和程序；讓雙邊的貿易議題，以及台美共同面對的全球議題的討論，能夠有結構、有節奏的推進。 　　 這幾年，印太地區的和平繁榮發展，是區域內所有國家共同的目標。只要台灣控制住疫情，減少經濟的波動，就能夠為印太地區的和平繁榮多一分貢獻。因此，啟動TIFA這個對話平台，跟可信賴的夥伴共同面對及解決問題，並推動雙邊、區域及全球的貿易進程，真的是相當重要的一步。 　　 期待會談順利，也請大家給努力不懈的外交和經貿團隊最大的鼓勵和支持！翻譯年糕
